2025-03-08 20:33:10,069 - INFO - D:\Akshata\Food-Factory-Management-System\food_factory_backend\apps\users\views.py changed, reloading.
2025-03-08 20:33:14,444 - INFO - D:\Akshata\Food-Factory-Management-System\food_factory_backend\apps\users\views.py changed, reloading.
2025-03-08 20:33:21,734 - INFO - D:\Akshata\Food-Factory-Management-System\food_factory_backend\apps\users\views.py changed, reloading.
2025-03-08 20:33:25,858 - INFO - D:\Akshata\Food-Factory-Management-System\food_factory_backend\apps\users\views.py changed, reloading.
2025-03-08 20:33:44,490 - INFO - D:\Akshata\Food-Factory-Management-System\food_factory_backend\apps\users\auth_backend.py changed, reloading.
2025-03-08 20:34:00,546 - INFO - D:\Akshata\Food-Factory-Management-System\food_factory_backend\apps\users\auth_backend.py changed, reloading.
2025-03-08 20:34:05,088 - INFO - D:\Akshata\Food-Factory-Management-System\food_factory_backend\apps\users\auth_backend.py changed, reloading.
2025-03-08 20:34:12,538 - INFO - D:\Akshata\Food-Factory-Management-System\food_factory_backend\apps\users\auth_backend.py changed, reloading.
2025-03-08 20:34:24,355 - INFO - D:\Akshata\Food-Factory-Management-System\food_factory_backend\apps\users\auth_backend.py changed, reloading.
2025-03-08 20:34:29,928 - INFO - D:\Akshata\Food-Factory-Management-System\food_factory_backend\apps\users\auth_backend.py changed, reloading.
2025-03-08 20:34:37,389 - INFO - D:\Akshata\Food-Factory-Management-System\food_factory_backend\apps\users\auth_backend.py changed, reloading.
2025-03-08 20:34:43,830 - INFO - D:\Akshata\Food-Factory-Management-System\food_factory_backend\apps\users\auth_backend.py changed, reloading.
2025-03-08 20:34:50,271 - INFO - D:\Akshata\Food-Factory-Management-System\food_factory_backend\apps\users\auth_backend.py changed, reloading.
2025-03-08 20:35:07,357 - INFO - Inside SignInUserView!
2025-03-08 20:35:07,428 - INFO - Inside CustomAuthBackend!
2025-03-08 20:35:07,435 - INFO - User Authenticated...
2025-03-08 20:39:18,408 - INFO - Inside SignInUserView!
2025-03-08 20:39:18,421 - INFO - Inside CustomAuthBackend!
2025-03-08 20:39:18,424 - INFO - User Authenticated...
2025-03-08 20:40:50,678 - INFO - Inside SignInUserView!
2025-03-08 20:40:50,689 - INFO - Inside CustomAuthBackend!
2025-03-08 20:40:50,693 - INFO - User Not Found
2025-03-08 20:40:50,696 - WARNING - Unauthorized: /user/signIn/
2025-03-08 20:40:56,608 - INFO - Inside SignInUserView!
2025-03-08 20:40:56,618 - INFO - Inside CustomAuthBackend!
2025-03-08 20:40:56,621 - INFO - User Authenticated...
2025-03-08 20:42:41,451 - INFO - D:\Akshata\Food-Factory-Management-System\food_factory_backend\apps\users\views.py changed, reloading.
2025-03-08 20:42:47,828 - INFO - D:\Akshata\Food-Factory-Management-System\food_factory_backend\apps\users\views.py changed, reloading.
2025-03-08 20:43:07,467 - INFO - Inside SignInUserView!
2025-03-08 20:43:07,544 - INFO - Inside CustomAuthBackend!
2025-03-08 20:43:07,549 - INFO - User Authenticated...
2025-03-08 20:43:07,549 - INFO - SignInUserView END
2025-03-08 20:43:32,523 - INFO - D:\Akshata\Food-Factory-Management-System\food_factory_backend\config\connection.py changed, reloading.
2025-03-08 20:43:36,908 - INFO - D:\Akshata\Food-Factory-Management-System\food_factory_backend\config\connection.py changed, reloading.
2025-03-08 20:43:41,261 - INFO - D:\Akshata\Food-Factory-Management-System\food_factory_backend\config\connection.py changed, reloading.
2025-03-08 20:44:12,428 - INFO - D:\Akshata\Food-Factory-Management-System\food_factory_backend\config\connection.py changed, reloading.
2025-03-08 20:44:16,748 - INFO - D:\Akshata\Food-Factory-Management-System\food_factory_backend\config\connection.py changed, reloading.
2025-03-08 20:44:21,805 - INFO - D:\Akshata\Food-Factory-Management-System\food_factory_backend\config\connection.py changed, reloading.
2025-03-08 20:44:25,973 - INFO - D:\Akshata\Food-Factory-Management-System\food_factory_backend\config\connection.py changed, reloading.
2025-03-08 20:44:33,629 - INFO - D:\Akshata\Food-Factory-Management-System\food_factory_backend\config\connection.py changed, reloading.
2025-03-08 20:44:45,524 - INFO - D:\Akshata\Food-Factory-Management-System\food_factory_backend\config\connection.py changed, reloading.
2025-03-08 20:44:54,000 - INFO - D:\Akshata\Food-Factory-Management-System\food_factory_backend\config\connection.py changed, reloading.
2025-03-08 20:45:03,146 - INFO - D:\Akshata\Food-Factory-Management-System\food_factory_backend\config\connection.py changed, reloading.
2025-03-08 20:45:26,066 - INFO - D:\Akshata\Food-Factory-Management-System\food_factory_backend\config\connection.py changed, reloading.
2025-03-08 20:45:48,246 - INFO - Inside SignInUserView!
2025-03-08 20:45:48,247 - INFO - Establishing coonection...
2025-03-08 20:45:48,357 - INFO - Custom MySQL connection established successfully!
2025-03-08 20:45:48,358 - INFO - Inside CustomAuthBackend!
2025-03-08 20:45:48,362 - INFO - User Authenticated...
2025-03-08 20:45:48,364 - INFO - SignInUserView END...
2025-03-08 20:46:34,344 - INFO - D:\Akshata\Food-Factory-Management-System\food_factory_backend\config\connection.py changed, reloading.
2025-03-08 20:46:41,198 - INFO - D:\Akshata\Food-Factory-Management-System\food_factory_backend\config\connection.py changed, reloading.
2025-03-08 20:46:47,856 - INFO - D:\Akshata\Food-Factory-Management-System\food_factory_backend\config\connection.py changed, reloading.
2025-03-08 20:47:13,099 - INFO - D:\Akshata\Food-Factory-Management-System\food_factory_backend\config\connection.py changed, reloading.
2025-03-08 20:47:20,198 - INFO - Inside SignInUserView!
2025-03-08 20:47:20,250 - INFO - Custom MySQL connection established successfully!
2025-03-08 20:47:20,251 - INFO - Inside CustomAuthBackend!
2025-03-08 20:47:20,256 - INFO - User Authenticated...
2025-03-08 20:47:20,257 - INFO - SignInUserView END...
2025-03-08 20:47:20,258 - INFO - Custom MySQL connection closed successfully.
2025-03-08 21:00:02,645 - INFO - D:\Akshata\Food-Factory-Management-System\food_factory_backend\logger.py changed, reloading.
2025-03-08 21:06:04,554 - INFO - Inside SignInUserView!
2025-03-08 21:06:04,851 - INFO - Custom MySQL connection established successfully!
2025-03-08 21:06:04,853 - INFO - Inside CustomAuthBackend!
2025-03-08 21:06:04,913 - INFO - User Authenticated...
2025-03-08 21:06:04,916 - INFO - SignInUserView END...
2025-03-08 21:06:04,923 - INFO - Custom MySQL connection closed successfully.
2025-03-08 22:31:53,301 - INFO - Inside SignInUserView!
2025-03-08 22:31:53,438 - INFO - Custom MySQL connection established successfully!
2025-03-08 22:31:53,438 - INFO - Inside CustomAuthBackend!
2025-03-08 22:31:53,482 - INFO - User Authenticated...
2025-03-08 22:31:53,484 - INFO - SignInUserView END...
2025-03-08 22:31:53,485 - INFO - Custom MySQL connection closed successfully.
2025-03-08 22:31:53,539 - INFO - Custom MySQL connection established successfully!
2025-03-08 22:31:53,551 - INFO - Custom MySQL connection closed successfully.
2025-03-08 22:32:21,333 - INFO - Inside SignInUserView!
2025-03-08 22:32:21,340 - INFO - Custom MySQL connection established successfully!
2025-03-08 22:32:21,340 - INFO - Inside CustomAuthBackend!
2025-03-08 22:32:21,345 - INFO - User Authenticated...
2025-03-08 22:32:21,346 - INFO - SignInUserView END...
2025-03-08 22:32:21,346 - INFO - Custom MySQL connection closed successfully.
2025-03-08 22:40:54,081 - INFO - Inside SignInUserView!
2025-03-08 22:40:54,091 - INFO - Custom MySQL connection established successfully!
2025-03-08 22:40:54,093 - INFO - Inside CustomAuthBackend!
2025-03-08 22:40:54,099 - INFO - User Authenticated...
2025-03-08 22:40:54,101 - INFO - SignInUserView END...
2025-03-08 22:40:54,103 - INFO - Custom MySQL connection closed successfully.
2025-03-08 22:57:24,326 - INFO - Custom MySQL connection established successfully!
2025-03-08 22:57:24,356 - INFO - Custom MySQL connection closed successfully.
2025-03-08 23:04:48,988 - INFO - Inside SignInUserView!
2025-03-08 23:04:49,001 - INFO - Custom MySQL connection established successfully!
2025-03-08 23:04:49,004 - INFO - Inside CustomAuthBackend!
2025-03-08 23:04:49,035 - INFO - User Authenticated...
2025-03-08 23:04:49,038 - INFO - SignInUserView END...
2025-03-08 23:04:49,040 - INFO - Custom MySQL connection closed successfully.
2025-03-08 23:36:30,905 - INFO - D:\Akshata\Food-Factory-Management-System\food_factory_backend\apps\users\views.py changed, reloading.
2025-03-08 23:37:32,775 - INFO - D:\Akshata\Food-Factory-Management-System\food_factory_backend\apps\users\urls.py changed, reloading.
2025-03-08 23:37:38,078 - INFO - D:\Akshata\Food-Factory-Management-System\food_factory_backend\apps\users\urls.py changed, reloading.
2025-03-08 23:37:46,451 - INFO - D:\Akshata\Food-Factory-Management-System\food_factory_backend\apps\users\urls.py changed, reloading.
2025-03-08 23:37:59,929 - INFO - D:\Akshata\Food-Factory-Management-System\food_factory_backend\apps\users\urls.py changed, reloading.
2025-03-08 23:38:07,739 - INFO - D:\Akshata\Food-Factory-Management-System\food_factory_backend\apps\users\urls.py changed, reloading.
2025-03-08 23:38:12,829 - INFO - D:\Akshata\Food-Factory-Management-System\food_factory_backend\apps\users\urls.py changed, reloading.
2025-03-08 23:38:18,934 - INFO - D:\Akshata\Food-Factory-Management-System\food_factory_backend\apps\users\urls.py changed, reloading.
2025-03-08 23:50:25,195 - INFO - Inside DBConfigView!
2025-03-08 23:50:25,547 - INFO - Custom MySQL connection established successfully!
2025-03-08 23:50:25,584 - INFO - Custom MySQL connection closed successfully.
2025-03-08 23:50:26,008 - ERROR - Internal Server Error: /user/dbConfig/
Traceback (most recent call last):
  File "C:\Python311\Lib\site-packages\django\core\handlers\exception.py", line 55, in inner
    response = get_response(request)
               ^^^^^^^^^^^^^^^^^^^^^
  File "C:\Python311\Lib\site-packages\django\core\handlers\base.py", line 197, in _get_response
    response = wrapped_callback(request, *callback_args, **callback_kwargs)
               ^^^^^^^^^^^^^^^^^^^^^^^^^^^^^^^^^^^^^^^^^^^^^^^^^^^^^^^^^^^^
  File "C:\Python311\Lib\site-packages\django\views\decorators\csrf.py", line 65, in _view_wrapper
    return view_func(request, *args, **kwargs)
           ^^^^^^^^^^^^^^^^^^^^^^^^^^^^^^^^^^^
  File "C:\Python311\Lib\site-packages\django\views\generic\base.py", line 104, in view
    return self.dispatch(request, *args, **kwargs)
           ^^^^^^^^^^^^^^^^^^^^^^^^^^^^^^^^^^^^^^^
  File "C:\Python311\Lib\site-packages\rest_framework\views.py", line 511, in dispatch
    self.response = self.finalize_response(request, response, *args, **kwargs)
                    ^^^^^^^^^^^^^^^^^^^^^^^^^^^^^^^^^^^^^^^^^^^^^^^^^^^^^^^^^^
  File "C:\Python311\Lib\site-packages\rest_framework\views.py", line 423, in finalize_response
    assert isinstance(response, HttpResponseBase), (
AssertionError: Expected a `Response`, `HttpResponse` or `StreamingHttpResponse` to be returned from the view, but received a `<class 'NoneType'>`
2025-03-08 23:53:25,402 - WARNING - Method Not Allowed: /user/dbConfig/
2025-03-08 23:53:33,760 - INFO - Inside DBConfigView!
2025-03-08 23:53:33,893 - INFO - Custom MySQL connection established successfully!
2025-03-08 23:53:34,415 - INFO - Custom MySQL connection closed successfully.
2025-03-08 23:54:15,958 - INFO - Inside DBConfigView!
2025-03-08 23:54:16,023 - INFO - Custom MySQL connection established successfully!
2025-03-08 23:54:16,485 - INFO - Custom MySQL connection closed successfully.
2025-03-08 23:54:54,290 - INFO - Inside DBConfigView!
2025-03-08 23:54:54,317 - INFO - Custom MySQL connection established successfully!
2025-03-08 23:54:54,384 - INFO - Custom MySQL connection closed successfully.
2025-03-08 23:55:48,339 - INFO - Inside DBConfigView!
2025-03-08 23:55:48,360 - INFO - Custom MySQL connection established successfully!
2025-03-08 23:55:48,464 - INFO - Custom MySQL connection closed successfully.
2025-03-08 23:56:26,030 - INFO - Inside DBConfigView!
2025-03-08 23:56:26,051 - INFO - Custom MySQL connection established successfully!
2025-03-08 23:56:26,102 - INFO - Custom MySQL connection closed successfully.
2025-03-08 23:58:25,578 - INFO - Inside DBConfigView!
2025-03-08 23:58:25,603 - INFO - Custom MySQL connection established successfully!
2025-03-08 23:58:25,779 - INFO - Custom MySQL connection closed successfully.
2025-03-08 23:59:30,933 - INFO - D:\Akshata\Food-Factory-Management-System\food_factory_backend\apps\users\views.py changed, reloading.
2025-03-08 23:59:43,732 - INFO - Inside DBConfigView!
2025-03-08 23:59:44,339 - INFO - Custom MySQL connection established successfully!
2025-03-08 23:59:44,477 - INFO - Custom MySQL connection closed successfully.
2025-03-09 00:00:41,423 - INFO - D:\Akshata\Food-Factory-Management-System\food_factory_backend\apps\users\views.py changed, reloading.
2025-03-09 00:00:51,716 - INFO - Inside DBConfigView!
2025-03-09 00:00:52,083 - INFO - Custom MySQL connection established successfully!
2025-03-09 00:00:52,300 - INFO - Custom MySQL connection closed successfully.
2025-03-09 00:00:59,916 - INFO - D:\Akshata\Food-Factory-Management-System\food_factory_backend\apps\users\views.py changed, reloading.
2025-03-09 00:01:05,604 - INFO - Inside DBConfigView!
2025-03-09 00:01:05,890 - INFO - Custom MySQL connection established successfully!
2025-03-09 00:01:05,906 - INFO - DBConfigView END...
2025-03-09 00:01:05,910 - INFO - Custom MySQL connection closed successfully.
2025-03-09 00:02:00,496 - INFO - Inside DBConfigView!
2025-03-09 00:02:00,508 - INFO - Custom MySQL connection established successfully!
2025-03-09 00:02:00,512 - INFO - DBConfigView END...
2025-03-09 00:02:00,514 - INFO - Custom MySQL connection closed successfully.
2025-03-09 00:06:02,435 - INFO - D:\Akshata\Food-Factory-Management-System\food_factory_backend\apps\users\urls.py changed, reloading.
2025-03-09 00:09:32,175 - INFO - D:\Akshata\Food-Factory-Management-System\food_factory_backend\apps\users\views.py changed, reloading.
2025-03-09 00:10:38,439 - INFO - D:\Akshata\Food-Factory-Management-System\food_factory_backend\apps\users\views.py changed, reloading.
2025-03-09 00:10:48,191 - INFO - D:\Akshata\Food-Factory-Management-System\food_factory_backend\apps\users\views.py changed, reloading.
2025-03-09 00:13:03,700 - INFO - D:\Akshata\Food-Factory-Management-System\food_factory_backend\apps\users\views.py changed, reloading.
2025-03-09 00:13:09,067 - INFO - D:\Akshata\Food-Factory-Management-System\food_factory_backend\apps\users\views.py changed, reloading.
2025-03-09 00:13:14,928 - INFO - D:\Akshata\Food-Factory-Management-System\food_factory_backend\apps\users\views.py changed, reloading.
2025-03-09 00:13:22,764 - INFO - D:\Akshata\Food-Factory-Management-System\food_factory_backend\apps\users\views.py changed, reloading.
2025-03-09 00:13:36,130 - INFO - D:\Akshata\Food-Factory-Management-System\food_factory_backend\apps\users\views.py changed, reloading.
2025-03-09 00:14:16,723 - INFO - D:\Akshata\Food-Factory-Management-System\food_factory_backend\services\db_config\dbConfigService.py changed, reloading.
2025-03-09 00:15:15,114 - INFO - D:\Akshata\Food-Factory-Management-System\food_factory_backend\constants\queries.py changed, reloading.
2025-03-09 00:15:27,082 - INFO - D:\Akshata\Food-Factory-Management-System\food_factory_backend\constants\queries.py changed, reloading.
2025-03-09 00:15:34,166 - INFO - D:\Akshata\Food-Factory-Management-System\food_factory_backend\constants\queries.py changed, reloading.
2025-03-09 00:15:51,160 - INFO - D:\Akshata\Food-Factory-Management-System\food_factory_backend\constants\queries.py changed, reloading.
2025-03-09 00:16:05,580 - INFO - D:\Akshata\Food-Factory-Management-System\food_factory_backend\constants\queries.py changed, reloading.
2025-03-09 00:16:20,443 - INFO - D:\Akshata\Food-Factory-Management-System\food_factory_backend\constants\queries.py changed, reloading.
2025-03-09 00:16:34,345 - INFO - D:\Akshata\Food-Factory-Management-System\food_factory_backend\constants\queries.py changed, reloading.
2025-03-09 00:16:42,548 - INFO - D:\Akshata\Food-Factory-Management-System\food_factory_backend\constants\queries.py changed, reloading.
2025-03-09 00:16:52,846 - INFO - D:\Akshata\Food-Factory-Management-System\food_factory_backend\constants\queries.py changed, reloading.
2025-03-09 00:17:02,619 - INFO - D:\Akshata\Food-Factory-Management-System\food_factory_backend\constants\queries.py changed, reloading.
2025-03-09 00:17:14,250 - INFO - D:\Akshata\Food-Factory-Management-System\food_factory_backend\services\db_config\dbConfigService.py changed, reloading.
2025-03-09 00:17:19,676 - INFO - D:\Akshata\Food-Factory-Management-System\food_factory_backend\services\db_config\dbConfigService.py changed, reloading.
2025-03-09 00:17:33,745 - INFO - D:\Akshata\Food-Factory-Management-System\food_factory_backend\services\db_config\dbConfigService.py changed, reloading.
2025-03-09 00:18:11,138 - INFO - D:\Akshata\Food-Factory-Management-System\food_factory_backend\services\db_config\dbConfigService.py changed, reloading.
2025-03-09 00:18:15,340 - INFO - D:\Akshata\Food-Factory-Management-System\food_factory_backend\services\db_config\dbConfigService.py changed, reloading.
2025-03-09 00:18:26,502 - INFO - D:\Akshata\Food-Factory-Management-System\food_factory_backend\services\db_config\dbConfigService.py changed, reloading.
2025-03-09 00:18:35,458 - INFO - D:\Akshata\Food-Factory-Management-System\food_factory_backend\services\db_config\dbConfigService.py changed, reloading.
2025-03-09 00:18:40,760 - INFO - D:\Akshata\Food-Factory-Management-System\food_factory_backend\services\db_config\dbConfigService.py changed, reloading.
2025-03-09 00:18:51,311 - INFO - D:\Akshata\Food-Factory-Management-System\food_factory_backend\services\db_config\dbConfigService.py changed, reloading.
2025-03-09 00:18:59,797 - INFO - D:\Akshata\Food-Factory-Management-System\food_factory_backend\services\db_config\dbConfigService.py changed, reloading.
2025-03-09 00:19:05,140 - INFO - D:\Akshata\Food-Factory-Management-System\food_factory_backend\services\db_config\dbConfigService.py changed, reloading.
2025-03-09 00:19:09,408 - INFO - D:\Akshata\Food-Factory-Management-System\food_factory_backend\services\db_config\dbConfigService.py changed, reloading.
2025-03-09 00:19:18,008 - INFO - D:\Akshata\Food-Factory-Management-System\food_factory_backend\services\db_config\dbConfigService.py changed, reloading.
2025-03-09 00:19:23,300 - INFO - D:\Akshata\Food-Factory-Management-System\food_factory_backend\services\db_config\dbConfigService.py changed, reloading.
2025-03-09 00:19:29,638 - INFO - D:\Akshata\Food-Factory-Management-System\food_factory_backend\services\db_config\dbConfigService.py changed, reloading.
2025-03-09 00:19:41,374 - INFO - D:\Akshata\Food-Factory-Management-System\food_factory_backend\services\db_config\dbConfigService.py changed, reloading.
2025-03-09 00:19:47,002 - INFO - D:\Akshata\Food-Factory-Management-System\food_factory_backend\services\db_config\dbConfigService.py changed, reloading.
2025-03-09 00:19:51,425 - INFO - D:\Akshata\Food-Factory-Management-System\food_factory_backend\services\db_config\dbConfigService.py changed, reloading.
2025-03-09 00:19:56,741 - INFO - D:\Akshata\Food-Factory-Management-System\food_factory_backend\services\db_config\dbConfigService.py changed, reloading.
2025-03-09 00:20:02,014 - INFO - D:\Akshata\Food-Factory-Management-System\food_factory_backend\services\db_config\dbConfigService.py changed, reloading.
2025-03-09 00:20:16,089 - INFO - D:\Akshata\Food-Factory-Management-System\food_factory_backend\services\db_config\dbConfigService.py changed, reloading.
2025-03-09 00:20:22,565 - INFO - D:\Akshata\Food-Factory-Management-System\food_factory_backend\services\db_config\dbConfigService.py changed, reloading.
2025-03-09 00:20:27,149 - INFO - D:\Akshata\Food-Factory-Management-System\food_factory_backend\services\db_config\dbConfigService.py changed, reloading.
2025-03-09 00:20:32,569 - INFO - D:\Akshata\Food-Factory-Management-System\food_factory_backend\services\db_config\dbConfigService.py changed, reloading.
2025-03-09 00:20:53,260 - INFO - D:\Akshata\Food-Factory-Management-System\food_factory_backend\services\db_config\dbConfigService.py changed, reloading.
2025-03-09 00:20:57,761 - INFO - D:\Akshata\Food-Factory-Management-System\food_factory_backend\services\db_config\dbConfigService.py changed, reloading.
2025-03-09 00:21:05,974 - INFO - D:\Akshata\Food-Factory-Management-System\food_factory_backend\services\db_config\dbConfigService.py changed, reloading.
2025-03-09 00:21:09,976 - INFO - D:\Akshata\Food-Factory-Management-System\food_factory_backend\services\db_config\dbConfigService.py changed, reloading.
2025-03-09 00:22:53,290 - INFO - D:\Akshata\Food-Factory-Management-System\food_factory_backend\services\db_config\dbConfigService.py changed, reloading.
2025-03-09 00:22:57,681 - INFO - D:\Akshata\Food-Factory-Management-System\food_factory_backend\services\db_config\dbConfigService.py changed, reloading.
2025-03-09 00:23:12,036 - INFO - D:\Akshata\Food-Factory-Management-System\food_factory_backend\services\db_config\dbConfigService.py changed, reloading.
2025-03-09 00:23:17,426 - INFO - D:\Akshata\Food-Factory-Management-System\food_factory_backend\services\db_config\dbConfigService.py changed, reloading.
2025-03-09 00:23:21,608 - INFO - D:\Akshata\Food-Factory-Management-System\food_factory_backend\services\db_config\dbConfigService.py changed, reloading.
2025-03-09 00:23:25,971 - INFO - D:\Akshata\Food-Factory-Management-System\food_factory_backend\services\db_config\dbConfigService.py changed, reloading.
2025-03-09 00:23:52,106 - INFO - D:\Akshata\Food-Factory-Management-System\food_factory_backend\services\db_config\dbConfigService.py changed, reloading.
2025-03-09 00:24:39,558 - INFO - D:\Akshata\Food-Factory-Management-System\food_factory_backend\apps\users\views.py changed, reloading.
2025-03-09 00:24:44,156 - INFO - D:\Akshata\Food-Factory-Management-System\food_factory_backend\apps\users\views.py changed, reloading.
2025-03-09 00:25:00,155 - INFO - D:\Akshata\Food-Factory-Management-System\food_factory_backend\apps\users\views.py changed, reloading.
2025-03-09 00:25:10,170 - INFO - D:\Akshata\Food-Factory-Management-System\food_factory_backend\apps\users\views.py changed, reloading.
2025-03-09 00:25:42,527 - INFO - D:\Akshata\Food-Factory-Management-System\food_factory_backend\apps\users\views.py changed, reloading.
2025-03-09 00:26:03,038 - INFO - D:\Akshata\Food-Factory-Management-System\food_factory_backend\apps\users\views.py changed, reloading.
2025-03-09 00:26:35,857 - INFO - D:\Akshata\Food-Factory-Management-System\food_factory_backend\apps\users\views.py changed, reloading.
2025-03-09 00:26:40,352 - INFO - D:\Akshata\Food-Factory-Management-System\food_factory_backend\apps\users\views.py changed, reloading.
2025-03-09 00:26:51,289 - INFO - D:\Akshata\Food-Factory-Management-System\food_factory_backend\apps\users\views.py changed, reloading.
2025-03-09 00:27:01,965 - INFO - D:\Akshata\Food-Factory-Management-System\food_factory_backend\apps\users\views.py changed, reloading.
2025-03-09 00:27:09,755 - INFO - D:\Akshata\Food-Factory-Management-System\food_factory_backend\apps\users\views.py changed, reloading.
2025-03-09 00:27:13,921 - INFO - D:\Akshata\Food-Factory-Management-System\food_factory_backend\apps\users\views.py changed, reloading.
2025-03-09 00:27:18,327 - INFO - D:\Akshata\Food-Factory-Management-System\food_factory_backend\apps\users\views.py changed, reloading.
2025-03-09 00:27:26,945 - INFO - D:\Akshata\Food-Factory-Management-System\food_factory_backend\apps\users\views.py changed, reloading.
2025-03-09 00:30:42,706 - WARNING - Method Not Allowed: /user/updateDbConfig/
2025-03-09 00:30:53,471 - INFO - Inside UpdateDBConfigView!
2025-03-09 00:30:53,681 - INFO - Custom MySQL connection established successfully!
2025-03-09 00:30:53,682 - INFO - Inside update_db_config_data!
2025-03-09 00:30:53,774 - INFO - DB Config data updated successfully
2025-03-09 00:30:53,777 - INFO - Custom MySQL connection closed successfully.
2025-03-09 00:31:04,403 - INFO - Inside DBConfigView!
2025-03-09 00:31:04,420 - INFO - Custom MySQL connection established successfully!
2025-03-09 00:31:04,422 - INFO - Inside fetch_db_config_data!
2025-03-09 00:31:04,426 - INFO - DBConfigView END...
2025-03-09 00:31:04,427 - INFO - Custom MySQL connection closed successfully.
2025-03-09 00:31:18,934 - INFO - Inside UpdateDBConfigView!
2025-03-09 00:31:18,957 - INFO - Custom MySQL connection established successfully!
2025-03-09 00:31:18,959 - INFO - Inside update_db_config_data!
2025-03-09 00:31:18,968 - INFO - DB Config data updated successfully
2025-03-09 00:31:18,970 - INFO - Custom MySQL connection closed successfully.
2025-03-09 00:31:25,401 - INFO - Inside DBConfigView!
2025-03-09 00:31:25,411 - INFO - Custom MySQL connection established successfully!
2025-03-09 00:31:25,412 - INFO - Inside fetch_db_config_data!
2025-03-09 00:31:25,416 - INFO - DBConfigView END...
2025-03-09 00:31:25,420 - INFO - Custom MySQL connection closed successfully.
2025-03-09 00:31:35,065 - INFO - Inside DBConfigView!
2025-03-09 00:31:35,090 - INFO - Custom MySQL connection established successfully!
2025-03-09 00:31:35,091 - INFO - Inside fetch_db_config_data!
2025-03-09 00:31:35,133 - INFO - DBConfigView END...
2025-03-09 00:31:35,137 - INFO - Custom MySQL connection closed successfully.
2025-03-09 00:32:22,068 - INFO - Inside DBConfigView!
2025-03-09 00:32:22,080 - INFO - Custom MySQL connection established successfully!
2025-03-09 00:32:22,080 - INFO - Inside fetch_db_config_data!
2025-03-09 00:32:22,085 - INFO - DBConfigView END...
2025-03-09 00:32:22,090 - INFO - Custom MySQL connection closed successfully.
2025-03-09 00:32:34,023 - INFO - Inside UpdateDBConfigView!
2025-03-09 00:32:34,035 - INFO - Custom MySQL connection established successfully!
2025-03-09 00:32:34,035 - INFO - Inside update_db_config_data!
2025-03-09 00:32:34,045 - INFO - DB Config data updated successfully
2025-03-09 00:32:34,047 - INFO - Custom MySQL connection closed successfully.
2025-03-09 00:32:38,557 - INFO - Inside DBConfigView!
2025-03-09 00:32:38,578 - INFO - Custom MySQL connection established successfully!
2025-03-09 00:32:38,581 - INFO - Inside fetch_db_config_data!
2025-03-09 00:32:38,586 - INFO - DBConfigView END...
2025-03-09 00:32:38,590 - INFO - Custom MySQL connection closed successfully.
2025-03-09 00:33:35,165 - INFO - Inside DBConfigView!
2025-03-09 00:33:35,178 - INFO - Custom MySQL connection established successfully!
2025-03-09 00:33:35,179 - INFO - Inside fetch_db_config_data!
2025-03-09 00:33:35,182 - INFO - DBConfigView END...
2025-03-09 00:33:35,185 - INFO - Custom MySQL connection closed successfully.
2025-03-09 00:33:40,029 - INFO - Inside DBConfigView!
2025-03-09 00:33:40,044 - INFO - Custom MySQL connection established successfully!
2025-03-09 00:33:40,047 - INFO - Inside fetch_db_config_data!
2025-03-09 00:33:40,051 - INFO - DBConfigView END...
2025-03-09 00:33:40,054 - INFO - Custom MySQL connection closed successfully.
2025-03-09 00:33:52,181 - INFO - Inside DBConfigView!
2025-03-09 00:33:52,199 - INFO - Custom MySQL connection established successfully!
2025-03-09 00:33:52,200 - INFO - Inside fetch_db_config_data!
2025-03-09 00:33:52,209 - INFO - DBConfigView END...
2025-03-09 00:33:52,215 - INFO - Custom MySQL connection closed successfully.
2025-03-09 00:34:06,038 - INFO - Inside DBConfigView!
2025-03-09 00:34:06,046 - INFO - Custom MySQL connection established successfully!
2025-03-09 00:34:06,047 - INFO - Inside fetch_db_config_data!
2025-03-09 00:34:06,052 - INFO - DBConfigView END...
2025-03-09 00:34:06,055 - INFO - Custom MySQL connection closed successfully.
2025-03-09 00:34:40,148 - INFO - Inside DBConfigView!
2025-03-09 00:34:40,165 - INFO - Custom MySQL connection established successfully!
2025-03-09 00:34:40,166 - INFO - Inside fetch_db_config_data!
2025-03-09 00:34:40,173 - INFO - DBConfigView END...
2025-03-09 00:34:40,178 - INFO - Custom MySQL connection closed successfully.
2025-03-09 00:34:47,073 - INFO - Inside DBConfigView!
2025-03-09 00:34:47,090 - INFO - Custom MySQL connection established successfully!
2025-03-09 00:34:47,090 - INFO - Inside fetch_db_config_data!
2025-03-09 00:34:47,105 - INFO - DBConfigView END...
2025-03-09 00:34:47,108 - INFO - Custom MySQL connection closed successfully.
2025-03-09 00:34:58,223 - INFO - Inside UpdateDBConfigView!
2025-03-09 00:34:58,236 - INFO - Custom MySQL connection established successfully!
2025-03-09 00:34:58,237 - INFO - Inside update_db_config_data!
2025-03-09 00:34:58,248 - INFO - DB Config data updated successfully
2025-03-09 00:34:58,251 - INFO - Custom MySQL connection closed successfully.
2025-03-09 00:35:02,904 - INFO - Inside DBConfigView!
2025-03-09 00:35:02,921 - INFO - Custom MySQL connection established successfully!
2025-03-09 00:35:02,922 - INFO - Inside fetch_db_config_data!
2025-03-09 00:35:02,926 - INFO - DBConfigView END...
2025-03-09 00:35:02,930 - INFO - Custom MySQL connection closed successfully.
2025-03-09 00:35:54,386 - INFO - Inside UpdateDBConfigView!
2025-03-09 00:35:54,398 - INFO - Custom MySQL connection established successfully!
2025-03-09 00:35:54,399 - INFO - Inside update_db_config_data!
2025-03-09 00:35:54,409 - INFO - DB Config data updated successfully
2025-03-09 00:35:54,411 - INFO - Custom MySQL connection closed successfully.
2025-03-09 00:36:01,643 - INFO - Inside DBConfigView!
2025-03-09 00:36:01,665 - INFO - Custom MySQL connection established successfully!
2025-03-09 00:36:01,667 - INFO - Inside fetch_db_config_data!
2025-03-09 00:36:01,672 - INFO - DBConfigView END...
2025-03-09 00:36:01,676 - INFO - Custom MySQL connection closed successfully.
2025-03-09 00:36:13,691 - INFO - Inside UpdateDBConfigView!
2025-03-09 00:36:13,707 - INFO - Custom MySQL connection established successfully!
2025-03-09 00:36:13,708 - INFO - Inside update_db_config_data!
2025-03-09 00:36:13,721 - INFO - DB Config data updated successfully
2025-03-09 00:36:13,722 - INFO - Custom MySQL connection closed successfully.
2025-03-09 00:36:17,615 - INFO - Inside DBConfigView!
2025-03-09 00:36:17,632 - INFO - Custom MySQL connection established successfully!
2025-03-09 00:36:17,634 - INFO - Inside fetch_db_config_data!
2025-03-09 00:36:17,637 - INFO - DBConfigView END...
2025-03-09 00:36:17,639 - INFO - Custom MySQL connection closed successfully.
2025-03-09 00:36:32,997 - INFO - Inside UpdateDBConfigView!
2025-03-09 00:36:33,009 - INFO - Custom MySQL connection established successfully!
2025-03-09 00:36:33,011 - INFO - Inside update_db_config_data!
2025-03-09 00:36:33,024 - INFO - DB Config data updated successfully
2025-03-09 00:36:33,031 - INFO - Custom MySQL connection closed successfully.
2025-03-09 00:38:39,814 - INFO - Inside DBConfigView!
2025-03-09 00:38:39,827 - INFO - Custom MySQL connection established successfully!
2025-03-09 00:38:39,828 - INFO - Inside fetch_db_config_data!
2025-03-09 00:38:39,831 - INFO - DBConfigView END...
2025-03-09 00:38:39,833 - INFO - Custom MySQL connection closed successfully.
2025-03-09 00:38:57,945 - INFO - Inside SignInUserView!
2025-03-09 00:38:57,955 - INFO - Custom MySQL connection established successfully!
2025-03-09 00:38:57,957 - INFO - Inside CustomAuthBackend!
2025-03-09 00:38:58,080 - INFO - User Authenticated...
2025-03-09 00:38:58,086 - INFO - SignInUserView END...
2025-03-09 00:38:58,089 - INFO - Custom MySQL connection closed successfully.
2025-03-09 00:39:03,414 - INFO - Inside UpdateDBConfigView!
2025-03-09 00:39:03,430 - INFO - Custom MySQL connection established successfully!
2025-03-09 00:39:03,431 - INFO - Inside update_db_config_data!
2025-03-09 00:39:03,433 - INFO - No changes made
2025-03-09 00:39:03,435 - INFO - Custom MySQL connection closed successfully.
2025-03-09 00:39:03,437 - WARNING - Not Found: /user/updateDbConfig/
2025-03-09 00:40:32,354 - INFO - D:\Akshata\Food-Factory-Management-System\food_factory_backend\apps\users\views.py changed, reloading.
2025-03-09 00:40:37,850 - INFO - D:\Akshata\Food-Factory-Management-System\food_factory_backend\apps\users\views.py changed, reloading.
2025-03-09 00:40:48,200 - INFO - Inside UpdateDBConfigView!
2025-03-09 00:40:48,323 - INFO - Custom MySQL connection established successfully!
2025-03-09 00:40:48,324 - INFO - Inside update_db_config_data!
2025-03-09 00:40:48,324 - ERROR - Error updating config: You cannot access body after reading from request's data stream
2025-03-09 00:40:48,383 - INFO - Custom MySQL connection closed successfully.
2025-03-09 00:40:48,384 - ERROR - Internal Server Error: /user/updateDbConfig/
2025-03-09 00:41:10,050 - INFO - D:\Akshata\Food-Factory-Management-System\food_factory_backend\apps\users\views.py changed, reloading.
2025-03-09 00:41:14,918 - INFO - Custom MySQL connection established successfully!
2025-03-09 00:41:14,920 - INFO - Inside update_db_config_data!
2025-03-09 00:41:14,923 - INFO - No changes made
2025-03-09 00:41:14,925 - INFO - Custom MySQL connection closed successfully.
2025-03-09 00:41:14,926 - WARNING - Not Found: /user/updateDbConfig/
2025-03-09 00:41:31,277 - INFO - D:\Akshata\Food-Factory-Management-System\food_factory_backend\apps\users\views.py changed, reloading.
2025-03-09 00:41:52,955 - INFO - D:\Akshata\Food-Factory-Management-System\food_factory_backend\services\db_config\dbConfigService.py changed, reloading.
2025-03-09 00:42:01,143 - INFO - D:\Akshata\Food-Factory-Management-System\food_factory_backend\services\db_config\dbConfigService.py changed, reloading.
2025-03-09 00:42:04,097 - INFO - Inside UpdateDBConfigView!
2025-03-09 00:42:04,197 - INFO - Custom MySQL connection established successfully!
2025-03-09 00:42:04,198 - INFO - Inside update_db_config_data!
2025-03-09 00:42:04,199 - INFO - {'mapFrom': 'allow.admin.register', 'mapTo': 'false'}
2025-03-09 00:42:04,204 - INFO - No changes made
2025-03-09 00:42:04,211 - INFO - Custom MySQL connection closed successfully.
2025-03-09 00:42:04,215 - WARNING - Not Found: /user/updateDbConfig/
2025-03-09 00:42:32,655 - INFO - D:\Akshata\Food-Factory-Management-System\food_factory_backend\services\db_config\dbConfigService.py changed, reloading.
2025-03-09 00:43:02,114 - INFO - D:\Akshata\Food-Factory-Management-System\food_factory_backend\apps\users\views.py changed, reloading.
2025-03-09 00:43:08,126 - INFO - D:\Akshata\Food-Factory-Management-System\food_factory_backend\apps\users\views.py changed, reloading.
2025-03-09 00:43:11,421 - INFO - Inside UpdateDBConfigView!
2025-03-09 00:43:11,471 - INFO - Custom MySQL connection established successfully!
2025-03-09 00:43:11,472 - INFO - Inside update_db_config_data!
2025-03-09 00:43:11,474 - INFO - False
2025-03-09 00:43:11,474 - INFO - No changes made
2025-03-09 00:43:11,475 - INFO - Custom MySQL connection closed successfully.
2025-03-09 00:43:11,477 - WARNING - Not Found: /user/updateDbConfig/
2025-03-09 00:43:44,383 - INFO - Inside UpdateDBConfigView!
2025-03-09 00:43:44,404 - INFO - Custom MySQL connection established successfully!
2025-03-09 00:43:44,410 - INFO - Inside update_db_config_data!
2025-03-09 00:43:44,418 - INFO - True
2025-03-09 00:43:44,419 - INFO - DB Config data updated successfully
2025-03-09 00:43:44,424 - INFO - Custom MySQL connection closed successfully.
2025-03-09 00:47:20,893 - INFO - Inside DBConfigView!
2025-03-09 00:47:20,896 - INFO - Inside UpdateDBConfigView!
2025-03-09 00:47:20,917 - INFO - Custom MySQL connection established successfully!
2025-03-09 00:47:20,918 - INFO - Inside fetch_db_config_data!
2025-03-09 00:47:20,922 - INFO - DBConfigView END...
2025-03-09 00:47:20,923 - INFO - Custom MySQL connection closed successfully.
2025-03-09 00:47:20,950 - INFO - Custom MySQL connection established successfully!
2025-03-09 00:47:20,951 - INFO - Inside update_db_config_data!
2025-03-09 00:47:20,953 - INFO - False
2025-03-09 00:47:20,954 - INFO - No changes made
2025-03-09 00:47:20,954 - INFO - Custom MySQL connection closed successfully.
2025-03-09 00:47:20,956 - WARNING - Not Found: /user/updateDbConfig/
2025-03-09 00:47:53,638 - INFO - Inside DBConfigView!
2025-03-09 00:47:53,642 - INFO - Inside UpdateDBConfigView!
2025-03-09 00:47:53,658 - INFO - Custom MySQL connection established successfully!
2025-03-09 00:47:53,672 - INFO - Custom MySQL connection established successfully!
2025-03-09 00:47:53,673 - INFO - Inside fetch_db_config_data!
2025-03-09 00:47:53,674 - INFO - Inside update_db_config_data!
2025-03-09 00:47:53,678 - INFO - DBConfigView END...
2025-03-09 00:47:53,681 - INFO - Custom MySQL connection closed successfully.
2025-03-09 00:47:53,694 - INFO - False
2025-03-09 00:47:53,695 - INFO - No changes made
2025-03-09 00:47:53,702 - INFO - Custom MySQL connection closed successfully.
2025-03-09 00:47:53,712 - WARNING - Not Found: /user/updateDbConfig/
2025-03-09 00:53:48,698 - INFO - Inside DBConfigView!
2025-03-09 00:53:48,702 - INFO - Inside UpdateDBConfigView!
2025-03-09 00:53:48,748 - INFO - Custom MySQL connection established successfully!
2025-03-09 00:53:48,749 - INFO - Custom MySQL connection established successfully!
2025-03-09 00:53:48,751 - INFO - Inside fetch_db_config_data!
2025-03-09 00:53:48,751 - INFO - Inside update_db_config_data!
2025-03-09 00:53:48,759 - INFO - False
2025-03-09 00:53:48,759 - INFO - DBConfigView END...
2025-03-09 00:53:48,760 - INFO - No changes made
2025-03-09 00:53:48,761 - INFO - Custom MySQL connection closed successfully.
2025-03-09 00:53:48,763 - INFO - Custom MySQL connection closed successfully.
2025-03-09 00:53:48,767 - WARNING - Not Found: /user/updateDbConfig/
2025-03-09 00:54:21,757 - INFO - Inside UpdateDBConfigView!
2025-03-09 00:54:21,780 - INFO - Custom MySQL connection established successfully!
2025-03-09 00:54:21,781 - INFO - Inside update_db_config_data!
2025-03-09 00:54:21,788 - INFO - True
2025-03-09 00:54:21,789 - INFO - DB Config data updated successfully
2025-03-09 00:54:21,792 - INFO - Custom MySQL connection closed successfully.
2025-03-09 00:54:33,326 - INFO - Inside DBConfigView!
2025-03-09 00:54:33,329 - INFO - Inside UpdateDBConfigView!
2025-03-09 00:54:33,341 - INFO - Custom MySQL connection established successfully!
2025-03-09 00:54:33,343 - INFO - Custom MySQL connection established successfully!
2025-03-09 00:54:33,345 - INFO - Inside update_db_config_data!
2025-03-09 00:54:33,345 - INFO - Inside fetch_db_config_data!
2025-03-09 00:54:33,348 - INFO - False
2025-03-09 00:54:33,348 - INFO - No changes made
2025-03-09 00:54:33,350 - INFO - DBConfigView END...
2025-03-09 00:54:33,350 - INFO - Custom MySQL connection closed successfully.
2025-03-09 00:54:33,351 - INFO - Custom MySQL connection closed successfully.
2025-03-09 00:54:33,352 - WARNING - Not Found: /user/updateDbConfig/
2025-03-09 00:56:21,175 - INFO - Inside DBConfigView!
2025-03-09 00:56:21,214 - INFO - Custom MySQL connection established successfully!
2025-03-09 00:56:21,220 - INFO - Inside fetch_db_config_data!
2025-03-09 00:56:21,229 - INFO - DBConfigView END...
2025-03-09 00:56:21,232 - INFO - Custom MySQL connection closed successfully.
2025-03-09 00:56:21,252 - INFO - Inside UpdateDBConfigView!
2025-03-09 00:56:21,266 - INFO - Custom MySQL connection established successfully!
2025-03-09 00:56:21,268 - INFO - Inside update_db_config_data!
2025-03-09 00:56:21,279 - INFO - True
2025-03-09 00:56:21,280 - INFO - DB Config data updated successfully
2025-03-09 00:56:21,281 - INFO - Custom MySQL connection closed successfully.
2025-03-09 00:56:24,012 - INFO - Inside DBConfigView!
2025-03-09 00:56:24,023 - INFO - Custom MySQL connection established successfully!
2025-03-09 00:56:24,023 - INFO - Inside fetch_db_config_data!
2025-03-09 00:56:24,026 - INFO - DBConfigView END...
2025-03-09 00:56:24,028 - INFO - Custom MySQL connection closed successfully.
2025-03-09 00:56:24,038 - INFO - Inside UpdateDBConfigView!
2025-03-09 00:56:24,051 - INFO - Custom MySQL connection established successfully!
2025-03-09 00:56:24,052 - INFO - Inside update_db_config_data!
2025-03-09 00:56:24,058 - INFO - True
2025-03-09 00:56:24,058 - INFO - DB Config data updated successfully
2025-03-09 00:56:24,060 - INFO - Custom MySQL connection closed successfully.
2025-03-09 00:56:25,181 - INFO - Inside DBConfigView!
2025-03-09 00:56:25,196 - INFO - Custom MySQL connection established successfully!
2025-03-09 00:56:25,197 - INFO - Inside fetch_db_config_data!
2025-03-09 00:56:25,199 - INFO - DBConfigView END...
2025-03-09 00:56:25,200 - INFO - Custom MySQL connection closed successfully.
2025-03-09 00:56:25,215 - INFO - Inside UpdateDBConfigView!
2025-03-09 00:56:25,228 - INFO - Custom MySQL connection established successfully!
2025-03-09 00:56:25,228 - INFO - Inside update_db_config_data!
2025-03-09 00:56:25,234 - INFO - True
2025-03-09 00:56:25,235 - INFO - DB Config data updated successfully
2025-03-09 00:56:25,236 - INFO - Custom MySQL connection closed successfully.
2025-03-09 00:56:26,978 - INFO - Inside DBConfigView!
2025-03-09 00:56:26,988 - INFO - Custom MySQL connection established successfully!
2025-03-09 00:56:26,989 - INFO - Inside fetch_db_config_data!
2025-03-09 00:56:26,991 - INFO - DBConfigView END...
2025-03-09 00:56:26,993 - INFO - Custom MySQL connection closed successfully.
2025-03-09 00:56:27,002 - INFO - Inside UpdateDBConfigView!
2025-03-09 00:56:27,014 - INFO - Custom MySQL connection established successfully!
2025-03-09 00:56:27,015 - INFO - Inside update_db_config_data!
2025-03-09 00:56:27,022 - INFO - True
2025-03-09 00:56:27,022 - INFO - DB Config data updated successfully
2025-03-09 00:56:27,025 - INFO - Custom MySQL connection closed successfully.
2025-03-09 00:56:27,186 - INFO - Inside DBConfigView!
2025-03-09 00:56:27,198 - INFO - Custom MySQL connection established successfully!
2025-03-09 00:56:27,199 - INFO - Inside fetch_db_config_data!
2025-03-09 00:56:27,200 - INFO - DBConfigView END...
2025-03-09 00:56:27,201 - INFO - Custom MySQL connection closed successfully.
2025-03-09 00:56:27,232 - INFO - Inside UpdateDBConfigView!
2025-03-09 00:56:27,244 - INFO - Custom MySQL connection established successfully!
2025-03-09 00:56:27,246 - INFO - Inside update_db_config_data!
2025-03-09 00:56:27,250 - INFO - True
2025-03-09 00:56:27,251 - INFO - DB Config data updated successfully
2025-03-09 00:56:27,253 - INFO - Custom MySQL connection closed successfully.
2025-03-09 00:56:27,395 - INFO - Inside DBConfigView!
2025-03-09 00:56:27,406 - INFO - Custom MySQL connection established successfully!
2025-03-09 00:56:27,406 - INFO - Inside fetch_db_config_data!
2025-03-09 00:56:27,410 - INFO - DBConfigView END...
2025-03-09 00:56:27,410 - INFO - Custom MySQL connection closed successfully.
2025-03-09 00:56:27,419 - INFO - Inside UpdateDBConfigView!
2025-03-09 00:56:27,431 - INFO - Custom MySQL connection established successfully!
2025-03-09 00:56:27,431 - INFO - Inside update_db_config_data!
2025-03-09 00:56:27,444 - INFO - True
2025-03-09 00:56:27,445 - INFO - DB Config data updated successfully
2025-03-09 00:56:27,446 - INFO - Custom MySQL connection closed successfully.
2025-03-09 00:56:27,594 - INFO - Inside DBConfigView!
2025-03-09 00:56:27,603 - INFO - Custom MySQL connection established successfully!
2025-03-09 00:56:27,604 - INFO - Inside fetch_db_config_data!
2025-03-09 00:56:27,605 - INFO - DBConfigView END...
2025-03-09 00:56:27,606 - INFO - Custom MySQL connection closed successfully.
2025-03-09 00:56:27,617 - INFO - Inside UpdateDBConfigView!
2025-03-09 00:56:27,635 - INFO - Custom MySQL connection established successfully!
2025-03-09 00:56:27,635 - INFO - Inside update_db_config_data!
2025-03-09 00:56:27,639 - INFO - True
2025-03-09 00:56:27,639 - INFO - DB Config data updated successfully
2025-03-09 00:56:27,641 - INFO - Custom MySQL connection closed successfully.
2025-03-09 00:56:27,776 - INFO - Inside DBConfigView!
2025-03-09 00:56:27,787 - INFO - Custom MySQL connection established successfully!
2025-03-09 00:56:27,788 - INFO - Inside fetch_db_config_data!
2025-03-09 00:56:27,789 - INFO - DBConfigView END...
2025-03-09 00:56:27,791 - INFO - Custom MySQL connection closed successfully.
2025-03-09 00:56:27,803 - INFO - Inside UpdateDBConfigView!
2025-03-09 00:56:27,816 - INFO - Custom MySQL connection established successfully!
2025-03-09 00:56:27,817 - INFO - Inside update_db_config_data!
2025-03-09 00:56:27,821 - INFO - True
2025-03-09 00:56:27,822 - INFO - DB Config data updated successfully
2025-03-09 00:56:27,824 - INFO - Custom MySQL connection closed successfully.
2025-03-09 00:56:27,940 - INFO - Inside DBConfigView!
2025-03-09 00:56:27,952 - INFO - Custom MySQL connection established successfully!
2025-03-09 00:56:27,953 - INFO - Inside fetch_db_config_data!
2025-03-09 00:56:27,954 - INFO - DBConfigView END...
2025-03-09 00:56:27,957 - INFO - Custom MySQL connection closed successfully.
2025-03-09 00:56:27,967 - INFO - Inside UpdateDBConfigView!
2025-03-09 00:56:27,977 - INFO - Custom MySQL connection established successfully!
2025-03-09 00:56:27,977 - INFO - Inside update_db_config_data!
2025-03-09 00:56:27,981 - INFO - True
2025-03-09 00:56:27,982 - INFO - DB Config data updated successfully
2025-03-09 00:56:27,983 - INFO - Custom MySQL connection closed successfully.
2025-03-09 00:56:28,083 - INFO - Inside DBConfigView!
2025-03-09 00:56:28,093 - INFO - Custom MySQL connection established successfully!
2025-03-09 00:56:28,094 - INFO - Inside fetch_db_config_data!
2025-03-09 00:56:28,097 - INFO - DBConfigView END...
2025-03-09 00:56:28,098 - INFO - Custom MySQL connection closed successfully.
2025-03-09 00:56:28,107 - INFO - Inside UpdateDBConfigView!
2025-03-09 00:56:28,117 - INFO - Custom MySQL connection established successfully!
2025-03-09 00:56:28,118 - INFO - Inside update_db_config_data!
2025-03-09 00:56:28,124 - INFO - True
2025-03-09 00:56:28,125 - INFO - DB Config data updated successfully
2025-03-09 00:56:28,126 - INFO - Custom MySQL connection closed successfully.
2025-03-09 00:56:28,255 - INFO - Inside DBConfigView!
2025-03-09 00:56:28,266 - INFO - Custom MySQL connection established successfully!
2025-03-09 00:56:28,267 - INFO - Inside fetch_db_config_data!
2025-03-09 00:56:28,270 - INFO - DBConfigView END...
2025-03-09 00:56:28,272 - INFO - Custom MySQL connection closed successfully.
2025-03-09 00:56:28,287 - INFO - Inside UpdateDBConfigView!
2025-03-09 00:56:28,297 - INFO - Custom MySQL connection established successfully!
2025-03-09 00:56:28,298 - INFO - Inside update_db_config_data!
2025-03-09 00:56:28,302 - INFO - True
2025-03-09 00:56:28,302 - INFO - DB Config data updated successfully
2025-03-09 00:56:28,304 - INFO - Custom MySQL connection closed successfully.
2025-03-09 00:56:28,431 - INFO - Inside DBConfigView!
2025-03-09 00:56:28,440 - INFO - Custom MySQL connection established successfully!
2025-03-09 00:56:28,441 - INFO - Inside fetch_db_config_data!
2025-03-09 00:56:28,444 - INFO - DBConfigView END...
2025-03-09 00:56:28,445 - INFO - Custom MySQL connection closed successfully.
2025-03-09 00:56:28,455 - INFO - Inside UpdateDBConfigView!
2025-03-09 00:56:28,470 - INFO - Custom MySQL connection established successfully!
2025-03-09 00:56:28,470 - INFO - Inside update_db_config_data!
2025-03-09 00:56:28,476 - INFO - True
2025-03-09 00:56:28,477 - INFO - DB Config data updated successfully
2025-03-09 00:56:28,479 - INFO - Custom MySQL connection closed successfully.
2025-03-09 00:56:28,596 - INFO - Inside DBConfigView!
2025-03-09 00:56:28,609 - INFO - Custom MySQL connection established successfully!
2025-03-09 00:56:28,609 - INFO - Inside fetch_db_config_data!
2025-03-09 00:56:28,612 - INFO - DBConfigView END...
2025-03-09 00:56:28,613 - INFO - Custom MySQL connection closed successfully.
2025-03-09 00:56:28,621 - INFO - Inside UpdateDBConfigView!
2025-03-09 00:56:28,637 - INFO - Custom MySQL connection established successfully!
2025-03-09 00:56:28,638 - INFO - Inside update_db_config_data!
2025-03-09 00:56:28,643 - INFO - True
2025-03-09 00:56:28,645 - INFO - DB Config data updated successfully
2025-03-09 00:56:28,646 - INFO - Custom MySQL connection closed successfully.
2025-03-09 00:56:28,821 - INFO - Inside DBConfigView!
2025-03-09 00:56:28,833 - INFO - Custom MySQL connection established successfully!
2025-03-09 00:56:28,834 - INFO - Inside fetch_db_config_data!
2025-03-09 00:56:28,836 - INFO - DBConfigView END...
2025-03-09 00:56:28,837 - INFO - Custom MySQL connection closed successfully.
2025-03-09 00:56:28,848 - INFO - Inside UpdateDBConfigView!
2025-03-09 00:56:28,860 - INFO - Custom MySQL connection established successfully!
2025-03-09 00:56:28,861 - INFO - Inside update_db_config_data!
2025-03-09 00:56:28,867 - INFO - True
2025-03-09 00:56:28,867 - INFO - DB Config data updated successfully
2025-03-09 00:56:28,868 - INFO - Custom MySQL connection closed successfully.
2025-03-09 00:57:07,079 - INFO - Inside DBConfigView!
2025-03-09 00:57:07,092 - INFO - Custom MySQL connection established successfully!
2025-03-09 00:57:07,093 - INFO - Inside fetch_db_config_data!
2025-03-09 00:57:07,096 - INFO - DBConfigView END...
2025-03-09 00:57:07,098 - INFO - Custom MySQL connection closed successfully.
2025-03-09 00:57:16,966 - INFO - Inside DBConfigView!
2025-03-09 00:57:16,980 - INFO - Custom MySQL connection established successfully!
2025-03-09 00:57:16,980 - INFO - Inside fetch_db_config_data!
2025-03-09 00:57:16,985 - INFO - DBConfigView END...
2025-03-09 00:57:16,986 - INFO - Custom MySQL connection closed successfully.
2025-03-09 00:57:16,999 - INFO - Inside UpdateDBConfigView!
2025-03-09 00:57:17,016 - INFO - Custom MySQL connection established successfully!
2025-03-09 00:57:17,016 - INFO - Inside update_db_config_data!
2025-03-09 00:57:17,024 - INFO - True
2025-03-09 00:57:17,025 - INFO - DB Config data updated successfully
2025-03-09 00:57:17,026 - INFO - Custom MySQL connection closed successfully.
2025-03-09 00:57:26,921 - INFO - Inside DBConfigView!
2025-03-09 00:57:26,937 - INFO - Custom MySQL connection established successfully!
2025-03-09 00:57:26,938 - INFO - Inside fetch_db_config_data!
2025-03-09 00:57:26,943 - INFO - DBConfigView END...
2025-03-09 00:57:26,947 - INFO - Custom MySQL connection closed successfully.
2025-03-09 00:59:11,454 - INFO - Inside DBConfigView!
2025-03-09 00:59:11,476 - INFO - Custom MySQL connection established successfully!
2025-03-09 00:59:11,478 - INFO - Inside fetch_db_config_data!
2025-03-09 00:59:11,482 - INFO - DBConfigView END...
2025-03-09 00:59:11,484 - INFO - Custom MySQL connection closed successfully.
2025-03-09 00:59:12,633 - INFO - Inside DBConfigView!
2025-03-09 00:59:12,648 - INFO - Custom MySQL connection established successfully!
2025-03-09 00:59:12,649 - INFO - Inside fetch_db_config_data!
2025-03-09 00:59:12,653 - INFO - DBConfigView END...
2025-03-09 00:59:12,657 - INFO - Custom MySQL connection closed successfully.
2025-03-09 00:59:50,809 - INFO - Inside DBConfigView!
2025-03-09 00:59:50,832 - INFO - Custom MySQL connection established successfully!
2025-03-09 00:59:50,834 - INFO - Inside fetch_db_config_data!
2025-03-09 00:59:50,839 - INFO - DBConfigView END...
2025-03-09 00:59:50,841 - INFO - Custom MySQL connection closed successfully.
2025-03-09 01:00:19,826 - INFO - Inside DBConfigView!
2025-03-09 01:00:19,858 - INFO - Custom MySQL connection established successfully!
2025-03-09 01:00:19,859 - INFO - Inside fetch_db_config_data!
2025-03-09 01:00:19,862 - INFO - DBConfigView END...
2025-03-09 01:00:19,866 - INFO - Custom MySQL connection closed successfully.
2025-03-09 01:00:28,274 - INFO - Inside DBConfigView!
2025-03-09 01:00:28,294 - INFO - Custom MySQL connection established successfully!
2025-03-09 01:00:28,295 - INFO - Inside fetch_db_config_data!
2025-03-09 01:00:28,301 - INFO - DBConfigView END...
2025-03-09 01:00:28,306 - INFO - Custom MySQL connection closed successfully.
2025-03-09 01:00:31,114 - INFO - Inside DBConfigView!
2025-03-09 01:00:31,142 - INFO - Custom MySQL connection established successfully!
2025-03-09 01:00:31,146 - INFO - Inside fetch_db_config_data!
2025-03-09 01:00:31,152 - INFO - DBConfigView END...
2025-03-09 01:00:31,154 - INFO - Custom MySQL connection closed successfully.
2025-03-09 01:00:34,306 - INFO - Inside DBConfigView!
2025-03-09 01:00:34,331 - INFO - Custom MySQL connection established successfully!
2025-03-09 01:00:34,333 - INFO - Inside fetch_db_config_data!
2025-03-09 01:00:34,339 - INFO - DBConfigView END...
2025-03-09 01:00:34,342 - INFO - Custom MySQL connection closed successfully.
2025-03-09 01:00:37,437 - INFO - Inside DBConfigView!
2025-03-09 01:00:37,463 - INFO - Custom MySQL connection established successfully!
2025-03-09 01:00:37,466 - INFO - Inside fetch_db_config_data!
2025-03-09 01:00:37,473 - INFO - DBConfigView END...
2025-03-09 01:00:37,477 - INFO - Custom MySQL connection closed successfully.
2025-03-09 01:00:40,297 - INFO - Inside DBConfigView!
2025-03-09 01:00:40,329 - INFO - Custom MySQL connection established successfully!
2025-03-09 01:00:40,332 - INFO - Inside fetch_db_config_data!
2025-03-09 01:00:40,338 - INFO - DBConfigView END...
2025-03-09 01:00:40,343 - INFO - Custom MySQL connection closed successfully.
2025-03-09 01:00:42,593 - INFO - Inside DBConfigView!
2025-03-09 01:00:42,617 - INFO - Custom MySQL connection established successfully!
2025-03-09 01:00:42,619 - INFO - Inside fetch_db_config_data!
2025-03-09 01:00:42,626 - INFO - DBConfigView END...
2025-03-09 01:00:42,632 - INFO - Custom MySQL connection closed successfully.
2025-03-09 01:00:44,841 - INFO - Inside DBConfigView!
2025-03-09 01:00:44,855 - INFO - Custom MySQL connection established successfully!
2025-03-09 01:00:44,856 - INFO - Inside fetch_db_config_data!
2025-03-09 01:00:44,857 - INFO - DBConfigView END...
2025-03-09 01:00:44,859 - INFO - Custom MySQL connection closed successfully.
2025-03-09 01:00:54,001 - INFO - Inside DBConfigView!
2025-03-09 01:00:54,035 - INFO - Custom MySQL connection established successfully!
2025-03-09 01:00:54,036 - INFO - Inside fetch_db_config_data!
2025-03-09 01:00:54,047 - INFO - DBConfigView END...
2025-03-09 01:00:54,052 - INFO - Custom MySQL connection closed successfully.
2025-03-09 01:01:02,706 - INFO - Inside DBConfigView!
2025-03-09 01:01:02,724 - INFO - Custom MySQL connection established successfully!
2025-03-09 01:01:02,726 - INFO - Inside fetch_db_config_data!
2025-03-09 01:01:02,732 - INFO - DBConfigView END...
2025-03-09 01:01:02,735 - INFO - Custom MySQL connection closed successfully.
2025-03-09 01:01:05,513 - INFO - Inside DBConfigView!
2025-03-09 01:01:05,537 - INFO - Custom MySQL connection established successfully!
2025-03-09 01:01:05,539 - INFO - Inside fetch_db_config_data!
2025-03-09 01:01:05,544 - INFO - DBConfigView END...
2025-03-09 01:01:05,547 - INFO - Custom MySQL connection closed successfully.
2025-03-09 01:01:08,472 - INFO - Inside DBConfigView!
2025-03-09 01:01:08,506 - INFO - Custom MySQL connection established successfully!
2025-03-09 01:01:08,507 - INFO - Inside fetch_db_config_data!
2025-03-09 01:01:08,513 - INFO - DBConfigView END...
2025-03-09 01:01:08,516 - INFO - Custom MySQL connection closed successfully.
2025-03-09 01:01:10,326 - INFO - Inside DBConfigView!
2025-03-09 01:01:10,354 - INFO - Custom MySQL connection established successfully!
2025-03-09 01:01:10,357 - INFO - Inside fetch_db_config_data!
2025-03-09 01:01:10,362 - INFO - DBConfigView END...
2025-03-09 01:01:10,366 - INFO - Custom MySQL connection closed successfully.
2025-03-09 01:01:14,193 - INFO - Inside DBConfigView!
2025-03-09 01:01:14,219 - INFO - Custom MySQL connection established successfully!
2025-03-09 01:01:14,221 - INFO - Inside fetch_db_config_data!
2025-03-09 01:01:14,229 - INFO - DBConfigView END...
2025-03-09 01:01:14,235 - INFO - Custom MySQL connection closed successfully.
2025-03-09 01:01:17,079 - INFO - Inside DBConfigView!
2025-03-09 01:01:17,104 - INFO - Custom MySQL connection established successfully!
2025-03-09 01:01:17,106 - INFO - Inside fetch_db_config_data!
2025-03-09 01:01:17,109 - INFO - DBConfigView END...
2025-03-09 01:01:17,110 - INFO - Custom MySQL connection closed successfully.
2025-03-09 01:01:26,817 - INFO - Inside DBConfigView!
2025-03-09 01:01:26,842 - INFO - Custom MySQL connection established successfully!
2025-03-09 01:01:26,844 - INFO - Inside fetch_db_config_data!
2025-03-09 01:01:26,851 - INFO - DBConfigView END...
2025-03-09 01:01:26,853 - INFO - Custom MySQL connection closed successfully.
2025-03-09 01:01:28,785 - INFO - Inside DBConfigView!
2025-03-09 01:01:28,817 - INFO - Custom MySQL connection established successfully!
2025-03-09 01:01:28,819 - INFO - Inside fetch_db_config_data!
2025-03-09 01:01:28,823 - INFO - DBConfigView END...
2025-03-09 01:01:28,826 - INFO - Custom MySQL connection closed successfully.
2025-03-09 01:01:32,090 - INFO - Inside DBConfigView!
2025-03-09 01:01:32,118 - INFO - Custom MySQL connection established successfully!
2025-03-09 01:01:32,119 - INFO - Inside fetch_db_config_data!
2025-03-09 01:01:32,122 - INFO - DBConfigView END...
2025-03-09 01:01:32,124 - INFO - Custom MySQL connection closed successfully.
2025-03-09 01:01:35,007 - INFO - Inside DBConfigView!
2025-03-09 01:01:35,022 - INFO - Custom MySQL connection established successfully!
2025-03-09 01:01:35,023 - INFO - Inside fetch_db_config_data!
2025-03-09 01:01:35,031 - INFO - DBConfigView END...
2025-03-09 01:01:35,034 - INFO - Custom MySQL connection closed successfully.
2025-03-09 01:01:45,457 - INFO - Inside DBConfigView!
2025-03-09 01:01:45,469 - INFO - Custom MySQL connection established successfully!
2025-03-09 01:01:45,469 - INFO - Inside fetch_db_config_data!
2025-03-09 01:01:45,472 - INFO - DBConfigView END...
2025-03-09 01:01:45,474 - INFO - Custom MySQL connection closed successfully.
2025-03-09 01:01:45,492 - INFO - Inside UpdateDBConfigView!
2025-03-09 01:01:45,514 - INFO - Custom MySQL connection established successfully!
2025-03-09 01:01:45,515 - INFO - Inside update_db_config_data!
2025-03-09 01:01:45,536 - INFO - True
2025-03-09 01:01:45,537 - INFO - DB Config data updated successfully
2025-03-09 01:01:45,539 - INFO - Custom MySQL connection closed successfully.
2025-03-09 01:01:52,592 - INFO - Inside DBConfigView!
2025-03-09 01:01:52,609 - INFO - Custom MySQL connection established successfully!
2025-03-09 01:01:52,609 - INFO - Inside fetch_db_config_data!
2025-03-09 01:01:52,612 - INFO - DBConfigView END...
2025-03-09 01:01:52,615 - INFO - Custom MySQL connection closed successfully.
2025-03-09 01:01:52,626 - INFO - Inside UpdateDBConfigView!
2025-03-09 01:01:52,639 - INFO - Custom MySQL connection established successfully!
2025-03-09 01:01:52,640 - INFO - Inside update_db_config_data!
2025-03-09 01:01:52,654 - INFO - True
2025-03-09 01:01:52,656 - INFO - DB Config data updated successfully
2025-03-09 01:01:52,663 - INFO - Custom MySQL connection closed successfully.
2025-03-09 01:01:53,832 - INFO - Inside DBConfigView!
2025-03-09 01:01:53,847 - INFO - Custom MySQL connection established successfully!
2025-03-09 01:01:53,848 - INFO - Inside fetch_db_config_data!
2025-03-09 01:01:53,851 - INFO - DBConfigView END...
2025-03-09 01:01:53,853 - INFO - Custom MySQL connection closed successfully.
2025-03-09 01:01:53,869 - INFO - Inside UpdateDBConfigView!
2025-03-09 01:01:53,898 - INFO - Custom MySQL connection established successfully!
2025-03-09 01:01:53,899 - INFO - Inside update_db_config_data!
2025-03-09 01:01:53,912 - INFO - True
2025-03-09 01:01:53,915 - INFO - DB Config data updated successfully
2025-03-09 01:01:53,918 - INFO - Custom MySQL connection closed successfully.
2025-03-09 01:01:58,754 - INFO - Inside DBConfigView!
2025-03-09 01:01:58,771 - INFO - Custom MySQL connection established successfully!
2025-03-09 01:01:58,772 - INFO - Inside fetch_db_config_data!
2025-03-09 01:01:58,773 - INFO - DBConfigView END...
2025-03-09 01:01:58,775 - INFO - Custom MySQL connection closed successfully.
2025-03-09 01:01:58,784 - INFO - Inside UpdateDBConfigView!
2025-03-09 01:01:58,797 - INFO - Custom MySQL connection established successfully!
2025-03-09 01:01:58,799 - INFO - Inside update_db_config_data!
2025-03-09 01:01:58,807 - INFO - True
2025-03-09 01:01:58,808 - INFO - DB Config data updated successfully
2025-03-09 01:01:58,810 - INFO - Custom MySQL connection closed successfully.
2025-03-09 01:01:59,756 - INFO - Inside DBConfigView!
2025-03-09 01:01:59,769 - INFO - Custom MySQL connection established successfully!
2025-03-09 01:01:59,772 - INFO - Inside fetch_db_config_data!
2025-03-09 01:01:59,774 - INFO - DBConfigView END...
2025-03-09 01:01:59,776 - INFO - Custom MySQL connection closed successfully.
2025-03-09 01:01:59,785 - INFO - Inside UpdateDBConfigView!
2025-03-09 01:01:59,805 - INFO - Custom MySQL connection established successfully!
2025-03-09 01:01:59,807 - INFO - Inside update_db_config_data!
2025-03-09 01:01:59,812 - INFO - True
2025-03-09 01:01:59,813 - INFO - DB Config data updated successfully
2025-03-09 01:01:59,815 - INFO - Custom MySQL connection closed successfully.
2025-03-09 01:02:03,827 - INFO - Inside DBConfigView!
2025-03-09 01:02:03,840 - INFO - Custom MySQL connection established successfully!
2025-03-09 01:02:03,841 - INFO - Inside fetch_db_config_data!
2025-03-09 01:02:03,843 - INFO - DBConfigView END...
2025-03-09 01:02:03,844 - INFO - Custom MySQL connection closed successfully.
2025-03-09 01:02:03,851 - INFO - Inside UpdateDBConfigView!
2025-03-09 01:02:03,866 - INFO - Custom MySQL connection established successfully!
2025-03-09 01:02:03,869 - INFO - Inside update_db_config_data!
2025-03-09 01:02:03,874 - INFO - True
2025-03-09 01:02:03,876 - INFO - DB Config data updated successfully
2025-03-09 01:02:03,877 - INFO - Custom MySQL connection closed successfully.
2025-03-09 01:02:05,003 - INFO - Inside DBConfigView!
2025-03-09 01:02:05,017 - INFO - Custom MySQL connection established successfully!
2025-03-09 01:02:05,017 - INFO - Inside fetch_db_config_data!
2025-03-09 01:02:05,018 - INFO - DBConfigView END...
2025-03-09 01:02:05,019 - INFO - Custom MySQL connection closed successfully.
2025-03-09 01:02:05,025 - INFO - Inside UpdateDBConfigView!
2025-03-09 01:02:05,040 - INFO - Custom MySQL connection established successfully!
2025-03-09 01:02:05,041 - INFO - Inside update_db_config_data!
2025-03-09 01:02:05,050 - INFO - True
2025-03-09 01:02:05,051 - INFO - DB Config data updated successfully
2025-03-09 01:02:05,052 - INFO - Custom MySQL connection closed successfully.
2025-03-09 01:06:07,036 - INFO - Inside DBConfigView!
2025-03-09 01:06:07,054 - INFO - Custom MySQL connection established successfully!
2025-03-09 01:06:07,055 - INFO - Inside fetch_db_config_data!
2025-03-09 01:06:07,057 - INFO - DBConfigView END...
2025-03-09 01:06:07,058 - INFO - Custom MySQL connection closed successfully.
2025-03-09 01:06:10,139 - INFO - Inside DBConfigView!
2025-03-09 01:06:10,153 - INFO - Custom MySQL connection established successfully!
2025-03-09 01:06:10,154 - INFO - Inside fetch_db_config_data!
2025-03-09 01:06:10,157 - INFO - DBConfigView END...
2025-03-09 01:06:10,161 - INFO - Custom MySQL connection closed successfully.
2025-03-09 01:06:24,536 - INFO - Inside DBConfigView!
2025-03-09 01:06:24,558 - INFO - Custom MySQL connection established successfully!
2025-03-09 01:06:24,560 - INFO - Inside fetch_db_config_data!
2025-03-09 01:06:24,564 - INFO - DBConfigView END...
2025-03-09 01:06:24,568 - INFO - Custom MySQL connection closed successfully.
2025-03-09 01:06:26,164 - INFO - Inside DBConfigView!
2025-03-09 01:06:26,185 - INFO - Custom MySQL connection established successfully!
2025-03-09 01:06:26,186 - INFO - Inside fetch_db_config_data!
2025-03-09 01:06:26,189 - INFO - DBConfigView END...
2025-03-09 01:06:26,190 - INFO - Custom MySQL connection closed successfully.
2025-03-09 01:06:30,190 - INFO - Inside DBConfigView!
2025-03-09 01:06:30,206 - INFO - Custom MySQL connection established successfully!
2025-03-09 01:06:30,208 - INFO - Inside fetch_db_config_data!
2025-03-09 01:06:30,211 - INFO - DBConfigView END...
2025-03-09 01:06:30,215 - INFO - Custom MySQL connection closed successfully.
2025-03-09 01:07:05,258 - INFO - Inside DBConfigView!
2025-03-09 01:07:05,281 - INFO - Custom MySQL connection established successfully!
2025-03-09 01:07:05,283 - INFO - Inside fetch_db_config_data!
2025-03-09 01:07:05,288 - INFO - DBConfigView END...
2025-03-09 01:07:05,292 - INFO - Custom MySQL connection closed successfully.
2025-03-09 01:07:10,080 - INFO - Inside DBConfigView!
2025-03-09 01:07:10,089 - INFO - Custom MySQL connection established successfully!
2025-03-09 01:07:10,090 - INFO - Inside fetch_db_config_data!
2025-03-09 01:07:10,091 - INFO - DBConfigView END...
2025-03-09 01:07:10,092 - INFO - Custom MySQL connection closed successfully.
2025-03-09 01:07:29,238 - INFO - Inside DBConfigView!
2025-03-09 01:07:29,260 - INFO - Custom MySQL connection established successfully!
2025-03-09 01:07:29,261 - INFO - Inside fetch_db_config_data!
2025-03-09 01:07:29,273 - INFO - DBConfigView END...
2025-03-09 01:07:29,276 - INFO - Custom MySQL connection closed successfully.
2025-03-09 01:07:50,613 - INFO - Inside DBConfigView!
2025-03-09 01:07:50,631 - INFO - Custom MySQL connection established successfully!
2025-03-09 01:07:50,632 - INFO - Inside fetch_db_config_data!
2025-03-09 01:07:50,635 - INFO - DBConfigView END...
2025-03-09 01:07:50,636 - INFO - Custom MySQL connection closed successfully.
2025-03-09 01:08:26,365 - INFO - Inside DBConfigView!
2025-03-09 01:08:26,376 - INFO - Custom MySQL connection established successfully!
2025-03-09 01:08:26,376 - INFO - Inside fetch_db_config_data!
2025-03-09 01:08:26,378 - INFO - DBConfigView END...
2025-03-09 01:08:26,380 - INFO - Custom MySQL connection closed successfully.
2025-03-09 01:09:04,544 - INFO - Inside SignInUserView!
2025-03-09 01:09:04,557 - INFO - Custom MySQL connection established successfully!
2025-03-09 01:09:04,559 - INFO - Inside CustomAuthBackend!
2025-03-09 01:09:04,640 - INFO - User Authenticated...
2025-03-09 01:09:04,661 - INFO - SignInUserView END...
2025-03-09 01:09:04,661 - INFO - Custom MySQL connection closed successfully.
2025-03-09 01:12:36,980 - INFO - Inside SignInUserView!
2025-03-09 01:12:36,997 - INFO - Custom MySQL connection established successfully!
2025-03-09 01:12:36,998 - INFO - Inside CustomAuthBackend!
2025-03-09 01:12:37,005 - INFO - User Authenticated...
2025-03-09 01:12:37,006 - INFO - SignInUserView END...
2025-03-09 01:12:37,007 - INFO - Custom MySQL connection closed successfully.
2025-03-09 01:12:37,104 - INFO - Custom MySQL connection established successfully!
2025-03-09 01:12:37,140 - INFO - Custom MySQL connection closed successfully.
2025-03-09 01:13:04,084 - INFO - Custom MySQL connection established successfully!
2025-03-09 01:13:04,094 - INFO - Custom MySQL connection closed successfully.
2025-03-09 01:13:06,724 - INFO - Custom MySQL connection established successfully!
2025-03-09 01:13:06,732 - INFO - Custom MySQL connection closed successfully.
2025-03-09 01:13:38,846 - INFO - Custom MySQL connection established successfully!
2025-03-09 01:13:38,857 - INFO - Custom MySQL connection closed successfully.
2025-03-09 01:13:49,595 - INFO - Custom MySQL connection established successfully!
2025-03-09 01:13:49,607 - INFO - Custom MySQL connection closed successfully.
2025-03-09 13:11:13,063 - INFO - Inside SignInUserView!
2025-03-09 13:11:13,251 - INFO - Custom MySQL connection established successfully!
2025-03-09 13:11:13,252 - INFO - Inside CustomAuthBackend!
2025-03-09 13:11:13,321 - INFO - User Authenticated...
2025-03-09 13:11:13,323 - INFO - SignInUserView END...
2025-03-09 13:11:13,325 - INFO - Custom MySQL connection closed successfully.
2025-03-09 13:11:13,401 - INFO - Custom MySQL connection established successfully!
2025-03-09 13:11:13,436 - INFO - Custom MySQL connection closed successfully.
2025-03-09 13:12:15,841 - INFO - Inside SignInUserView!
2025-03-09 13:12:15,862 - INFO - Custom MySQL connection established successfully!
2025-03-09 13:12:15,863 - INFO - Inside CustomAuthBackend!
2025-03-09 13:12:15,871 - INFO - User Authenticated...
2025-03-09 13:12:15,871 - INFO - SignInUserView END...
2025-03-09 13:12:15,873 - INFO - Custom MySQL connection closed successfully.
2025-03-09 13:12:15,943 - INFO - Custom MySQL connection established successfully!
2025-03-09 13:12:15,951 - INFO - Custom MySQL connection closed successfully.
2025-03-09 13:14:23,948 - INFO - Custom MySQL connection established successfully!
2025-03-09 13:14:23,959 - INFO - Custom MySQL connection closed successfully.
2025-03-09 13:16:50,287 - INFO - Custom MySQL connection established successfully!
2025-03-09 13:16:50,304 - INFO - Custom MySQL connection closed successfully.
2025-03-09 13:22:10,208 - INFO - Custom MySQL connection established successfully!
2025-03-09 13:22:10,215 - INFO - Custom MySQL connection closed successfully.
2025-03-09 13:26:42,137 - INFO - Custom MySQL connection established successfully!
2025-03-09 13:26:42,141 - INFO - Custom MySQL connection closed successfully.
2025-03-09 13:26:43,546 - INFO - Custom MySQL connection established successfully!
2025-03-09 13:26:43,550 - INFO - Custom MySQL connection closed successfully.
2025-03-09 13:26:47,469 - INFO - Custom MySQL connection established successfully!
2025-03-09 13:26:47,479 - INFO - Custom MySQL connection closed successfully.
2025-03-09 13:26:57,741 - INFO - Custom MySQL connection established successfully!
2025-03-09 13:26:57,750 - INFO - Custom MySQL connection closed successfully.
2025-03-09 13:26:59,513 - INFO - Custom MySQL connection established successfully!
2025-03-09 13:26:59,520 - INFO - Custom MySQL connection closed successfully.
2025-03-09 13:27:03,478 - INFO - Custom MySQL connection established successfully!
2025-03-09 13:27:03,483 - INFO - Custom MySQL connection closed successfully.
2025-03-09 13:27:17,530 - INFO - Custom MySQL connection established successfully!
2025-03-09 13:27:17,537 - INFO - Custom MySQL connection closed successfully.
2025-03-09 13:27:30,432 - INFO - Custom MySQL connection established successfully!
2025-03-09 13:27:30,442 - INFO - Custom MySQL connection closed successfully.
2025-03-09 13:27:36,438 - INFO - Custom MySQL connection established successfully!
2025-03-09 13:27:36,448 - INFO - Custom MySQL connection closed successfully.
2025-03-09 13:28:38,477 - INFO - Custom MySQL connection established successfully!
2025-03-09 13:28:38,492 - INFO - Custom MySQL connection closed successfully.
2025-03-09 13:28:41,464 - INFO - Custom MySQL connection established successfully!
2025-03-09 13:28:41,469 - INFO - Custom MySQL connection closed successfully.
2025-03-09 13:29:07,423 - INFO - Custom MySQL connection established successfully!
2025-03-09 13:29:07,434 - INFO - Custom MySQL connection closed successfully.
2025-03-09 13:29:13,469 - INFO - Custom MySQL connection established successfully!
2025-03-09 13:29:13,477 - INFO - Custom MySQL connection closed successfully.
2025-03-09 13:29:20,694 - INFO - Custom MySQL connection established successfully!
2025-03-09 13:29:20,702 - INFO - Custom MySQL connection closed successfully.
2025-03-09 13:29:23,438 - INFO - Custom MySQL connection established successfully!
2025-03-09 13:29:23,442 - INFO - Custom MySQL connection closed successfully.
2025-03-09 13:29:28,367 - INFO - Custom MySQL connection established successfully!
2025-03-09 13:29:28,374 - INFO - Custom MySQL connection closed successfully.
2025-03-09 13:30:52,416 - INFO - Custom MySQL connection established successfully!
2025-03-09 13:30:52,426 - INFO - Custom MySQL connection closed successfully.
2025-03-09 13:30:58,989 - INFO - Custom MySQL connection established successfully!
2025-03-09 13:30:58,997 - INFO - Custom MySQL connection closed successfully.
2025-03-09 13:31:32,776 - INFO - Custom MySQL connection established successfully!
2025-03-09 13:31:32,782 - INFO - Custom MySQL connection closed successfully.
2025-03-09 13:31:52,189 - INFO - Custom MySQL connection established successfully!
2025-03-09 13:31:52,197 - INFO - Custom MySQL connection closed successfully.
2025-03-09 13:32:06,481 - INFO - Custom MySQL connection established successfully!
2025-03-09 13:32:06,485 - INFO - Custom MySQL connection closed successfully.
2025-03-09 13:32:08,739 - INFO - Custom MySQL connection established successfully!
2025-03-09 13:32:08,745 - INFO - Custom MySQL connection closed successfully.
2025-03-09 13:32:10,395 - INFO - Custom MySQL connection established successfully!
2025-03-09 13:32:10,399 - INFO - Custom MySQL connection closed successfully.
2025-03-09 13:33:30,216 - INFO - Custom MySQL connection established successfully!
2025-03-09 13:33:30,220 - INFO - Custom MySQL connection closed successfully.
2025-03-09 13:33:32,093 - INFO - Custom MySQL connection established successfully!
2025-03-09 13:33:32,099 - INFO - Custom MySQL connection closed successfully.
2025-03-09 13:33:34,914 - INFO - Custom MySQL connection established successfully!
2025-03-09 13:33:34,922 - INFO - Custom MySQL connection closed successfully.
2025-03-09 13:33:40,993 - INFO - Custom MySQL connection established successfully!
2025-03-09 13:33:41,000 - INFO - Custom MySQL connection closed successfully.
2025-03-09 13:34:15,121 - INFO - Custom MySQL connection established successfully!
2025-03-09 13:34:15,127 - INFO - Custom MySQL connection closed successfully.
2025-03-09 13:37:34,486 - INFO - Custom MySQL connection established successfully!
2025-03-09 13:37:34,491 - INFO - Custom MySQL connection closed successfully.
2025-03-09 13:38:04,446 - INFO - Custom MySQL connection established successfully!
2025-03-09 13:38:04,454 - INFO - Custom MySQL connection closed successfully.
2025-03-09 13:38:07,881 - INFO - Custom MySQL connection established successfully!
2025-03-09 13:38:07,885 - INFO - Custom MySQL connection closed successfully.
2025-03-09 13:38:13,263 - INFO - Custom MySQL connection established successfully!
2025-03-09 13:38:13,265 - INFO - Custom MySQL connection closed successfully.
2025-03-09 13:38:15,931 - INFO - Custom MySQL connection established successfully!
2025-03-09 13:38:15,934 - INFO - Custom MySQL connection closed successfully.
2025-03-09 13:39:00,127 - INFO - Custom MySQL connection established successfully!
2025-03-09 13:39:00,130 - INFO - Custom MySQL connection closed successfully.
2025-03-09 14:08:38,898 - INFO - Custom MySQL connection established successfully!
2025-03-09 14:08:38,910 - INFO - Custom MySQL connection closed successfully.
2025-03-09 14:10:55,503 - INFO - Custom MySQL connection established successfully!
2025-03-09 14:10:55,509 - INFO - Custom MySQL connection closed successfully.
2025-03-09 14:12:40,214 - INFO - Inside SignInUserView!
2025-03-09 14:12:40,236 - INFO - Custom MySQL connection established successfully!
2025-03-09 14:12:40,239 - INFO - Inside CustomAuthBackend!
2025-03-09 14:12:40,281 - INFO - User Authenticated...
2025-03-09 14:12:40,289 - INFO - SignInUserView END...
2025-03-09 14:12:40,291 - INFO - Custom MySQL connection closed successfully.
2025-03-09 14:15:10,887 - INFO - Custom MySQL connection established successfully!
2025-03-09 14:15:10,891 - INFO - Custom MySQL connection closed successfully.
2025-03-09 14:16:22,314 - INFO - Inside SignInUserView!
2025-03-09 14:16:22,324 - INFO - Custom MySQL connection established successfully!
2025-03-09 14:16:22,326 - INFO - Inside CustomAuthBackend!
2025-03-09 14:16:22,332 - INFO - User Authenticated...
2025-03-09 14:16:22,334 - INFO - SignInUserView END...
2025-03-09 14:16:22,335 - INFO - Custom MySQL connection closed successfully.
2025-03-09 14:16:27,252 - INFO - Custom MySQL connection established successfully!
2025-03-09 14:16:27,256 - INFO - Custom MySQL connection closed successfully.
2025-03-09 15:14:03,143 - INFO - Inside SignInUserView!
2025-03-09 15:14:03,220 - INFO - Custom MySQL connection established successfully!
2025-03-09 15:14:03,221 - INFO - Inside CustomAuthBackend!
2025-03-09 15:14:03,278 - INFO - User Authenticated...
2025-03-09 15:14:03,284 - INFO - SignInUserView END...
2025-03-09 15:14:03,285 - INFO - Custom MySQL connection closed successfully.
2025-03-09 15:14:03,342 - INFO - Custom MySQL connection established successfully!
2025-03-09 15:14:03,359 - INFO - Custom MySQL connection closed successfully.
2025-03-09 15:15:13,973 - INFO - Inside SignInUserView!
2025-03-09 15:15:13,982 - INFO - Custom MySQL connection established successfully!
2025-03-09 15:15:13,982 - INFO - Inside CustomAuthBackend!
2025-03-09 15:15:13,984 - INFO - User Authenticated...
2025-03-09 15:15:13,985 - INFO - SignInUserView END...
2025-03-09 15:15:13,986 - INFO - Custom MySQL connection closed successfully.
2025-03-09 15:18:09,380 - INFO - Custom MySQL connection established successfully!
2025-03-09 15:18:09,394 - INFO - Custom MySQL connection closed successfully.
2025-03-09 15:18:11,570 - INFO - Custom MySQL connection established successfully!
2025-03-09 15:18:11,581 - INFO - Custom MySQL connection closed successfully.
2025-03-09 15:18:16,348 - INFO - Custom MySQL connection established successfully!
2025-03-09 15:18:16,355 - INFO - Custom MySQL connection closed successfully.
2025-03-09 15:19:31,893 - INFO - Custom MySQL connection established successfully!
2025-03-09 15:19:31,930 - INFO - Custom MySQL connection closed successfully.
2025-03-09 15:19:34,560 - INFO - Custom MySQL connection established successfully!
2025-03-09 15:19:34,573 - INFO - Custom MySQL connection closed successfully.
2025-03-09 15:19:46,244 - INFO - Custom MySQL connection established successfully!
2025-03-09 15:19:46,254 - INFO - Custom MySQL connection closed successfully.
2025-03-09 15:20:28,929 - INFO - Custom MySQL connection established successfully!
2025-03-09 15:20:28,949 - INFO - Custom MySQL connection closed successfully.
2025-03-09 15:20:33,392 - INFO - Custom MySQL connection established successfully!
2025-03-09 15:20:33,400 - INFO - Custom MySQL connection closed successfully.
2025-03-09 15:20:36,578 - INFO - Custom MySQL connection established successfully!
2025-03-09 15:20:36,590 - INFO - Custom MySQL connection closed successfully.
2025-03-09 15:37:11,256 - INFO - Custom MySQL connection established successfully!
2025-03-09 15:37:11,348 - INFO - Custom MySQL connection closed successfully.
2025-03-09 15:37:13,833 - INFO - Custom MySQL connection established successfully!
2025-03-09 15:37:13,852 - INFO - Custom MySQL connection closed successfully.
2025-03-09 15:38:43,602 - INFO - Custom MySQL connection established successfully!
2025-03-09 15:38:43,616 - INFO - Custom MySQL connection closed successfully.
2025-03-09 15:39:47,687 - INFO - Custom MySQL connection established successfully!
2025-03-09 15:39:47,714 - INFO - Custom MySQL connection closed successfully.
2025-03-09 15:39:50,056 - INFO - Custom MySQL connection established successfully!
2025-03-09 15:39:50,081 - INFO - Custom MySQL connection closed successfully.
2025-03-09 15:44:18,944 - INFO - Custom MySQL connection established successfully!
2025-03-09 15:44:18,991 - INFO - Custom MySQL connection closed successfully.
2025-03-09 15:45:25,544 - INFO - Custom MySQL connection established successfully!
2025-03-09 15:45:25,565 - INFO - Custom MySQL connection closed successfully.
2025-03-09 15:47:59,212 - INFO - Custom MySQL connection established successfully!
2025-03-09 15:47:59,242 - INFO - Custom MySQL connection closed successfully.
2025-03-09 15:52:43,421 - INFO - Custom MySQL connection established successfully!
2025-03-09 15:52:43,431 - INFO - Custom MySQL connection closed successfully.
2025-03-09 16:26:43,598 - INFO - Custom MySQL connection established successfully!
2025-03-09 16:26:43,627 - INFO - Custom MySQL connection closed successfully.
2025-03-09 16:26:58,296 - INFO - Custom MySQL connection established successfully!
2025-03-09 16:26:58,304 - INFO - Custom MySQL connection closed successfully.
2025-03-09 16:27:11,312 - INFO - Custom MySQL connection established successfully!
2025-03-09 16:27:11,320 - INFO - Custom MySQL connection closed successfully.
2025-03-09 16:27:20,222 - INFO - Custom MySQL connection established successfully!
2025-03-09 16:27:20,234 - INFO - Custom MySQL connection closed successfully.
2025-03-09 16:27:33,136 - INFO - Custom MySQL connection established successfully!
2025-03-09 16:27:33,142 - INFO - Custom MySQL connection closed successfully.
2025-03-09 16:27:39,237 - INFO - Custom MySQL connection established successfully!
2025-03-09 16:27:39,246 - INFO - Custom MySQL connection closed successfully.
2025-03-09 16:27:42,311 - INFO - Custom MySQL connection established successfully!
2025-03-09 16:27:42,316 - INFO - Custom MySQL connection closed successfully.
2025-03-09 16:28:03,413 - INFO - Custom MySQL connection established successfully!
2025-03-09 16:28:03,423 - INFO - Custom MySQL connection closed successfully.
2025-03-09 16:28:05,740 - INFO - Custom MySQL connection established successfully!
2025-03-09 16:28:05,752 - INFO - Custom MySQL connection closed successfully.
2025-03-09 16:28:14,266 - INFO - Custom MySQL connection established successfully!
2025-03-09 16:28:14,269 - INFO - Custom MySQL connection closed successfully.
2025-03-09 16:28:28,130 - INFO - Custom MySQL connection established successfully!
2025-03-09 16:28:28,136 - INFO - Custom MySQL connection closed successfully.
2025-03-09 16:28:31,473 - INFO - Custom MySQL connection established successfully!
2025-03-09 16:28:31,481 - INFO - Custom MySQL connection closed successfully.
2025-03-09 16:28:33,614 - INFO - Custom MySQL connection established successfully!
2025-03-09 16:28:33,621 - INFO - Custom MySQL connection closed successfully.
2025-03-09 16:29:08,174 - INFO - Inside SignInUserView!
2025-03-09 16:29:08,189 - INFO - Custom MySQL connection established successfully!
2025-03-09 16:29:08,192 - INFO - Inside CustomAuthBackend!
2025-03-09 16:29:08,252 - INFO - User Authenticated...
2025-03-09 16:29:08,258 - INFO - SignInUserView END...
2025-03-09 16:29:08,261 - INFO - Custom MySQL connection closed successfully.
2025-03-09 16:29:08,327 - INFO - Custom MySQL connection established successfully!
2025-03-09 16:29:08,333 - INFO - Custom MySQL connection closed successfully.
2025-03-09 16:37:54,378 - INFO - Custom MySQL connection established successfully!
2025-03-09 16:37:54,384 - INFO - Custom MySQL connection closed successfully.
2025-03-09 16:37:55,788 - INFO - Custom MySQL connection established successfully!
2025-03-09 16:37:55,794 - INFO - Custom MySQL connection closed successfully.
2025-03-09 16:37:58,785 - INFO - Custom MySQL connection established successfully!
2025-03-09 16:37:58,790 - INFO - Custom MySQL connection closed successfully.
2025-03-09 16:38:01,800 - INFO - Custom MySQL connection established successfully!
2025-03-09 16:38:01,805 - INFO - Custom MySQL connection closed successfully.
2025-03-09 16:41:02,992 - INFO - Custom MySQL connection established successfully!
2025-03-09 16:41:03,002 - INFO - Custom MySQL connection closed successfully.
2025-03-09 16:41:37,161 - INFO - Custom MySQL connection established successfully!
2025-03-09 16:41:37,179 - INFO - Custom MySQL connection closed successfully.
2025-03-09 16:41:42,923 - INFO - Custom MySQL connection established successfully!
2025-03-09 16:41:42,932 - INFO - Custom MySQL connection closed successfully.
2025-03-09 16:41:44,670 - INFO - Custom MySQL connection established successfully!
2025-03-09 16:41:44,678 - INFO - Custom MySQL connection closed successfully.
2025-03-09 16:46:23,322 - INFO - Custom MySQL connection established successfully!
2025-03-09 16:46:23,328 - INFO - Custom MySQL connection closed successfully.
2025-03-09 16:54:45,352 - INFO - Custom MySQL connection established successfully!
2025-03-09 16:54:45,357 - INFO - Custom MySQL connection closed successfully.
2025-03-09 16:54:47,935 - INFO - Custom MySQL connection established successfully!
2025-03-09 16:54:47,939 - INFO - Custom MySQL connection closed successfully.
2025-03-09 16:54:48,602 - INFO - Custom MySQL connection established successfully!
2025-03-09 16:54:48,610 - INFO - Custom MySQL connection closed successfully.
2025-03-09 17:01:52,192 - INFO - Custom MySQL connection established successfully!
2025-03-09 17:01:52,208 - INFO - Custom MySQL connection closed successfully.
2025-03-09 18:02:18,073 - INFO - Custom MySQL connection established successfully!
2025-03-09 18:02:18,109 - INFO - Custom MySQL connection closed successfully.
2025-03-09 18:07:58,864 - INFO - Custom MySQL connection established successfully!
2025-03-09 18:07:58,877 - INFO - Custom MySQL connection closed successfully.
2025-03-09 18:08:49,829 - INFO - Custom MySQL connection established successfully!
2025-03-09 18:08:49,861 - INFO - Custom MySQL connection closed successfully.
2025-03-09 18:14:47,406 - INFO - Custom MySQL connection established successfully!
2025-03-09 18:14:47,417 - INFO - Custom MySQL connection closed successfully.
2025-03-09 18:14:50,482 - INFO - Custom MySQL connection established successfully!
2025-03-09 18:14:50,491 - INFO - Custom MySQL connection closed successfully.
2025-03-09 18:15:13,987 - INFO - Custom MySQL connection established successfully!
2025-03-09 18:15:13,994 - INFO - Custom MySQL connection closed successfully.
2025-03-09 18:15:23,350 - INFO - Custom MySQL connection established successfully!
2025-03-09 18:15:23,363 - INFO - Custom MySQL connection closed successfully.
2025-03-09 18:15:25,524 - INFO - Custom MySQL connection established successfully!
2025-03-09 18:15:25,531 - INFO - Custom MySQL connection closed successfully.
2025-03-09 18:15:29,058 - INFO - Custom MySQL connection established successfully!
2025-03-09 18:15:29,063 - INFO - Custom MySQL connection closed successfully.
2025-03-09 18:15:31,824 - INFO - Custom MySQL connection established successfully!
2025-03-09 18:15:31,832 - INFO - Custom MySQL connection closed successfully.
2025-03-09 18:15:34,797 - INFO - Custom MySQL connection established successfully!
2025-03-09 18:15:34,801 - INFO - Custom MySQL connection closed successfully.
2025-03-09 18:15:37,909 - INFO - Custom MySQL connection established successfully!
2025-03-09 18:15:37,918 - INFO - Custom MySQL connection closed successfully.
2025-03-09 18:15:40,871 - INFO - Custom MySQL connection established successfully!
2025-03-09 18:15:40,874 - INFO - Custom MySQL connection closed successfully.
2025-03-09 18:15:43,672 - INFO - Custom MySQL connection established successfully!
2025-03-09 18:15:43,679 - INFO - Custom MySQL connection closed successfully.
2025-03-09 18:15:45,671 - INFO - Custom MySQL connection established successfully!
2025-03-09 18:15:45,686 - INFO - Custom MySQL connection closed successfully.
2025-03-09 18:21:27,171 - INFO - Custom MySQL connection established successfully!
2025-03-09 18:21:27,188 - INFO - Custom MySQL connection closed successfully.
2025-03-09 18:21:29,203 - INFO - Custom MySQL connection established successfully!
2025-03-09 18:21:29,212 - INFO - Custom MySQL connection closed successfully.
2025-03-09 18:21:52,258 - INFO - Custom MySQL connection established successfully!
2025-03-09 18:21:52,267 - INFO - Custom MySQL connection closed successfully.
2025-03-09 18:22:02,596 - INFO - Custom MySQL connection established successfully!
2025-03-09 18:22:02,606 - INFO - Custom MySQL connection closed successfully.
2025-03-09 18:22:06,329 - INFO - Custom MySQL connection established successfully!
2025-03-09 18:22:06,332 - INFO - Custom MySQL connection closed successfully.
2025-03-09 18:28:02,281 - INFO - Custom MySQL connection established successfully!
2025-03-09 18:28:02,286 - INFO - Custom MySQL connection closed successfully.
2025-03-09 18:29:33,434 - INFO - Custom MySQL connection established successfully!
2025-03-09 18:29:33,448 - INFO - Custom MySQL connection closed successfully.
2025-03-09 18:29:40,942 - INFO - Custom MySQL connection established successfully!
2025-03-09 18:29:40,951 - INFO - Custom MySQL connection closed successfully.
2025-03-09 18:34:15,923 - INFO - D:\Akshata\Food-Factory-Management-System\food_factory_backend\constants\queries.py changed, reloading.
2025-03-09 18:34:24,522 - INFO - D:\Akshata\Food-Factory-Management-System\food_factory_backend\constants\queries.py changed, reloading.
2025-03-09 18:34:34,058 - INFO - D:\Akshata\Food-Factory-Management-System\food_factory_backend\constants\queries.py changed, reloading.
2025-03-09 18:34:43,580 - INFO - D:\Akshata\Food-Factory-Management-System\food_factory_backend\constants\queries.py changed, reloading.
2025-03-09 18:34:47,451 - INFO - D:\Akshata\Food-Factory-Management-System\food_factory_backend\constants\queries.py changed, reloading.
2025-03-09 18:34:51,430 - INFO - D:\Akshata\Food-Factory-Management-System\food_factory_backend\constants\queries.py changed, reloading.
2025-03-09 18:35:13,380 - INFO - D:\Akshata\Food-Factory-Management-System\food_factory_backend\constants\queries.py changed, reloading.
2025-03-09 18:35:20,875 - INFO - D:\Akshata\Food-Factory-Management-System\food_factory_backend\constants\queries.py changed, reloading.
2025-03-09 18:35:28,266 - INFO - D:\Akshata\Food-Factory-Management-System\food_factory_backend\constants\queries.py changed, reloading.
2025-03-09 18:35:34,410 - INFO - D:\Akshata\Food-Factory-Management-System\food_factory_backend\constants\queries.py changed, reloading.
2025-03-09 18:36:50,816 - INFO - D:\Akshata\Food-Factory-Management-System\food_factory_backend\apps\users\views.py changed, reloading.
2025-03-09 18:36:58,074 - INFO - D:\Akshata\Food-Factory-Management-System\food_factory_backend\apps\users\views.py changed, reloading.
2025-03-09 18:37:08,527 - INFO - D:\Akshata\Food-Factory-Management-System\food_factory_backend\apps\users\views.py changed, reloading.
2025-03-09 18:37:38,152 - INFO - D:\Akshata\Food-Factory-Management-System\food_factory_backend\apps\users\views.py changed, reloading.
2025-03-09 18:37:42,362 - INFO - D:\Akshata\Food-Factory-Management-System\food_factory_backend\apps\users\views.py changed, reloading.
2025-03-09 18:38:09,296 - INFO - D:\Akshata\Food-Factory-Management-System\food_factory_backend\apps\users\views.py changed, reloading.
2025-03-09 18:38:22,202 - INFO - D:\Akshata\Food-Factory-Management-System\food_factory_backend\apps\users\views.py changed, reloading.
2025-03-09 18:38:28,366 - INFO - D:\Akshata\Food-Factory-Management-System\food_factory_backend\apps\users\views.py changed, reloading.
2025-03-09 18:38:35,532 - INFO - D:\Akshata\Food-Factory-Management-System\food_factory_backend\apps\users\views.py changed, reloading.
2025-03-09 18:38:50,468 - INFO - D:\Akshata\Food-Factory-Management-System\food_factory_backend\services\user\users.py changed, reloading.
2025-03-09 18:38:54,522 - INFO - D:\Akshata\Food-Factory-Management-System\food_factory_backend\services\user\users.py changed, reloading.
2025-03-09 18:40:45,160 - INFO - D:\Akshata\Food-Factory-Management-System\food_factory_backend\services\user\users.py changed, reloading.
2025-03-09 18:40:49,260 - INFO - D:\Akshata\Food-Factory-Management-System\food_factory_backend\services\user\users.py changed, reloading.
2025-03-09 18:40:56,841 - INFO - D:\Akshata\Food-Factory-Management-System\food_factory_backend\services\user\users.py changed, reloading.
2025-03-09 18:41:10,949 - INFO - D:\Akshata\Food-Factory-Management-System\food_factory_backend\services\user\users.py changed, reloading.
2025-03-09 18:41:16,249 - INFO - D:\Akshata\Food-Factory-Management-System\food_factory_backend\services\user\users.py changed, reloading.
2025-03-09 18:41:31,462 - INFO - D:\Akshata\Food-Factory-Management-System\food_factory_backend\services\user\users.py changed, reloading.
2025-03-09 18:41:44,991 - INFO - D:\Akshata\Food-Factory-Management-System\food_factory_backend\services\user\users.py changed, reloading.
2025-03-09 18:44:47,007 - INFO - D:\Akshata\Food-Factory-Management-System\food_factory_backend\services\user\users.py changed, reloading.
2025-03-09 18:44:51,125 - INFO - D:\Akshata\Food-Factory-Management-System\food_factory_backend\services\user\users.py changed, reloading.
2025-03-09 18:45:15,819 - INFO - D:\Akshata\Food-Factory-Management-System\food_factory_backend\services\user\users.py changed, reloading.
2025-03-09 18:46:06,344 - INFO - D:\Akshata\Food-Factory-Management-System\food_factory_backend\apps\users\views.py changed, reloading.
2025-03-09 18:46:18,717 - INFO - D:\Akshata\Food-Factory-Management-System\food_factory_backend\apps\users\views.py changed, reloading.
2025-03-09 18:47:29,722 - INFO - D:\Akshata\Food-Factory-Management-System\food_factory_backend\apps\users\views.py changed, reloading.
2025-03-09 18:48:01,159 - INFO - D:\Akshata\Food-Factory-Management-System\food_factory_backend\apps\users\views.py changed, reloading.
2025-03-09 18:48:53,373 - INFO - D:\Akshata\Food-Factory-Management-System\food_factory_backend\apps\users\views.py changed, reloading.
2025-03-09 18:49:04,622 - INFO - D:\Akshata\Food-Factory-Management-System\food_factory_backend\apps\users\views.py changed, reloading.
2025-03-09 18:49:20,559 - INFO - D:\Akshata\Food-Factory-Management-System\food_factory_backend\services\user\users.py changed, reloading.
2025-03-09 18:50:20,018 - INFO - Inside SignInUserView!
2025-03-09 18:50:20,177 - INFO - Custom MySQL connection established successfully!
2025-03-09 18:50:20,178 - INFO - Inside CustomAuthBackend!
2025-03-09 18:50:20,185 - INFO - User Not Found
2025-03-09 18:50:20,532 - INFO - Custom MySQL connection closed successfully.
2025-03-09 18:50:20,533 - WARNING - Unauthorized: /user/signIn/
2025-03-09 18:50:30,017 - INFO - Inside DBConfigView!
2025-03-09 18:50:30,030 - INFO - Custom MySQL connection established successfully!
2025-03-09 18:50:30,031 - INFO - Inside fetch_db_config_data!
2025-03-09 18:50:30,036 - INFO - DBConfigView END...
2025-03-09 18:50:30,037 - INFO - Custom MySQL connection closed successfully.
2025-03-09 18:51:12,303 - INFO - Custom MySQL connection established successfully!
2025-03-09 18:51:12,359 - INFO - Inside fetch_db_config_data!
2025-03-09 18:51:16,222 - INFO - Custom MySQL connection closed successfully.
2025-03-09 18:52:42,718 - INFO - D:\Akshata\Food-Factory-Management-System\food_factory_backend\apps\users\views.py changed, reloading.
2025-03-09 18:52:46,657 - INFO - D:\Akshata\Food-Factory-Management-System\food_factory_backend\apps\users\views.py changed, reloading.
2025-03-09 18:52:51,547 - INFO - D:\Akshata\Food-Factory-Management-System\food_factory_backend\apps\users\views.py changed, reloading.
2025-03-09 18:53:28,316 - INFO - D:\Akshata\Food-Factory-Management-System\food_factory_backend\apps\users\views.py changed, reloading.
2025-03-09 18:53:32,446 - INFO - D:\Akshata\Food-Factory-Management-System\food_factory_backend\apps\users\views.py changed, reloading.
2025-03-09 18:53:37,998 - INFO - D:\Akshata\Food-Factory-Management-System\food_factory_backend\apps\users\views.py changed, reloading.
2025-03-09 18:53:42,245 - INFO - D:\Akshata\Food-Factory-Management-System\food_factory_backend\apps\users\views.py changed, reloading.
2025-03-09 18:53:52,919 - INFO - D:\Akshata\Food-Factory-Management-System\food_factory_backend\apps\users\views.py changed, reloading.
2025-03-09 18:54:00,327 - INFO - D:\Akshata\Food-Factory-Management-System\food_factory_backend\apps\users\views.py changed, reloading.
2025-03-09 18:54:32,617 - INFO - Inside DBConfigView!
2025-03-09 18:54:32,711 - INFO - Custom MySQL connection established successfully!
2025-03-09 18:54:32,712 - INFO - Inside fetch_db_config_data!
2025-03-09 18:54:32,716 - INFO - DBConfigView END...
2025-03-09 18:54:32,718 - INFO - Custom MySQL connection closed successfully.
2025-03-09 18:54:48,189 - INFO - Custom MySQL connection established successfully!
2025-03-09 18:54:48,201 - INFO - Inside fetch_db_config_data!
2025-03-09 18:54:51,485 - INFO - Custom MySQL connection closed successfully.
2025-03-09 18:55:15,120 - INFO - D:\Akshata\Food-Factory-Management-System\food_factory_backend\apps\users\views.py changed, reloading.
2025-03-09 18:55:26,844 - INFO - D:\Akshata\Food-Factory-Management-System\food_factory_backend\services\user\users.py changed, reloading.
2025-03-09 18:56:21,267 - INFO - D:\Akshata\Food-Factory-Management-System\food_factory_backend\services\user\users.py changed, reloading.
2025-03-09 18:56:27,766 - INFO - D:\Akshata\Food-Factory-Management-System\food_factory_backend\services\user\users.py changed, reloading.
2025-03-09 18:56:34,565 - INFO - D:\Akshata\Food-Factory-Management-System\food_factory_backend\services\user\users.py changed, reloading.
2025-03-09 18:56:46,480 - INFO - D:\Akshata\Food-Factory-Management-System\food_factory_backend\services\user\users.py changed, reloading.
2025-03-09 18:56:55,095 - INFO - D:\Akshata\Food-Factory-Management-System\food_factory_backend\services\user\users.py changed, reloading.
2025-03-09 18:56:59,094 - INFO - D:\Akshata\Food-Factory-Management-System\food_factory_backend\services\user\users.py changed, reloading.
2025-03-09 18:57:03,280 - INFO - D:\Akshata\Food-Factory-Management-System\food_factory_backend\services\user\users.py changed, reloading.
2025-03-09 18:57:11,986 - INFO - D:\Akshata\Food-Factory-Management-System\food_factory_backend\services\user\users.py changed, reloading.
2025-03-09 18:57:38,237 - INFO - D:\Akshata\Food-Factory-Management-System\food_factory_backend\services\user\users.py changed, reloading.
2025-03-09 18:57:44,628 - INFO - D:\Akshata\Food-Factory-Management-System\food_factory_backend\services\user\users.py changed, reloading.
2025-03-09 18:57:49,983 - INFO - D:\Akshata\Food-Factory-Management-System\food_factory_backend\services\user\users.py changed, reloading.
2025-03-09 18:57:55,100 - INFO - D:\Akshata\Food-Factory-Management-System\food_factory_backend\services\user\users.py changed, reloading.
2025-03-09 18:58:00,284 - INFO - D:\Akshata\Food-Factory-Management-System\food_factory_backend\services\user\users.py changed, reloading.
2025-03-09 18:58:05,784 - INFO - D:\Akshata\Food-Factory-Management-System\food_factory_backend\services\user\users.py changed, reloading.
2025-03-09 18:58:09,164 - INFO - Inside DBConfigView!
2025-03-09 18:58:09,256 - INFO - Custom MySQL connection established successfully!
2025-03-09 18:58:09,257 - INFO - Inside fetch_db_config_data!
2025-03-09 18:58:09,260 - INFO - DBConfigView END...
2025-03-09 18:58:09,262 - INFO - Custom MySQL connection closed successfully.
2025-03-09 18:58:47,019 - INFO - Custom MySQL connection established successfully!
2025-03-09 18:58:47,033 - INFO - Inside fetch_db_config_data!
2025-03-09 18:58:50,399 - INFO - insert_dealer_details END...
2025-03-09 18:58:50,401 - INFO - Custom MySQL connection closed successfully.
2025-03-09 19:01:39,617 - INFO - D:\Akshata\Food-Factory-Management-System\food_factory_backend\services\user\users.py changed, reloading.
2025-03-09 19:01:46,116 - INFO - D:\Akshata\Food-Factory-Management-System\food_factory_backend\services\user\users.py changed, reloading.
2025-03-09 19:02:06,919 - INFO - Inside DBConfigView!
2025-03-09 19:02:07,046 - INFO - Custom MySQL connection established successfully!
2025-03-09 19:02:07,050 - INFO - Inside fetch_db_config_data!
2025-03-09 19:02:07,064 - INFO - DBConfigView END...
2025-03-09 19:02:07,075 - INFO - Custom MySQL connection closed successfully.
2025-03-09 19:02:23,145 - INFO - Custom MySQL connection established successfully!
2025-03-09 19:02:23,156 - INFO - Inside fetch_db_config_data!
2025-03-09 19:02:26,572 - INFO - Inside insert_dealer_details! user_id: {user_id}
2025-03-09 19:02:26,578 - INFO - insert_dealer_details END...
2025-03-09 19:02:26,581 - INFO - Custom MySQL connection closed successfully.
2025-03-09 19:03:43,137 - INFO - D:\Akshata\Food-Factory-Management-System\food_factory_backend\services\user\users.py changed, reloading.
2025-03-09 19:04:14,120 - INFO - D:\Akshata\Food-Factory-Management-System\food_factory_backend\apps\users\views.py changed, reloading.
2025-03-09 19:15:12,185 - INFO - Inside DBConfigView!
2025-03-09 19:15:12,399 - INFO - Custom MySQL connection established successfully!
2025-03-09 19:15:12,400 - INFO - Inside fetch_db_config_data!
2025-03-09 19:15:12,407 - INFO - DBConfigView END...
2025-03-09 19:15:12,409 - INFO - Custom MySQL connection closed successfully.
2025-03-09 19:17:46,515 - INFO - Inside DBConfigView!
2025-03-09 19:17:46,545 - INFO - Custom MySQL connection established successfully!
2025-03-09 19:17:46,548 - INFO - Inside fetch_db_config_data!
2025-03-09 19:17:46,568 - INFO - DBConfigView END...
2025-03-09 19:17:46,574 - INFO - Custom MySQL connection closed successfully.
2025-03-09 19:18:17,774 - INFO - Custom MySQL connection established successfully!
2025-03-09 19:18:17,842 - INFO - Inside fetch_db_config_data!
2025-03-09 19:18:21,480 - INFO - Custom MySQL connection closed successfully.
2025-03-09 19:18:37,568 - INFO - Inside SignInUserView!
2025-03-09 19:18:37,579 - INFO - Custom MySQL connection established successfully!
2025-03-09 19:18:37,580 - INFO - Inside CustomAuthBackend!
2025-03-09 19:18:37,586 - INFO - User Authenticated...
2025-03-09 19:18:37,590 - INFO - SignInUserView END...
2025-03-09 19:18:37,591 - INFO - Custom MySQL connection closed successfully.
2025-03-09 19:18:42,973 - INFO - Inside DBConfigView!
2025-03-09 19:18:42,990 - INFO - Custom MySQL connection established successfully!
2025-03-09 19:18:42,991 - INFO - Inside fetch_db_config_data!
2025-03-09 19:18:42,993 - INFO - DBConfigView END...
2025-03-09 19:18:42,995 - INFO - Custom MySQL connection closed successfully.
2025-03-09 19:18:43,015 - INFO - Inside UpdateDBConfigView!
2025-03-09 19:18:43,033 - INFO - Custom MySQL connection established successfully!
2025-03-09 19:18:43,034 - INFO - Inside update_db_config_data!
2025-03-09 19:18:43,042 - INFO - True
2025-03-09 19:18:43,043 - INFO - DB Config data updated successfully
2025-03-09 19:18:43,044 - INFO - Custom MySQL connection closed successfully.
2025-03-09 19:18:52,801 - INFO - Inside DBConfigView!
2025-03-09 19:18:52,818 - INFO - Custom MySQL connection established successfully!
2025-03-09 19:18:52,819 - INFO - Inside fetch_db_config_data!
2025-03-09 19:18:52,823 - INFO - DBConfigView END...
2025-03-09 19:18:52,826 - INFO - Custom MySQL connection closed successfully.
2025-03-09 19:19:24,363 - INFO - Custom MySQL connection established successfully!
2025-03-09 19:19:24,369 - INFO - Inside fetch_db_config_data!
2025-03-09 19:19:27,653 - INFO - Inside insert_dealer_details! user_id: 2
2025-03-09 19:19:27,665 - INFO - insert_dealer_details END...
2025-03-09 19:19:27,666 - INFO - Custom MySQL connection closed successfully.
2025-03-09 19:20:26,114 - INFO - Inside SignInUserView!
2025-03-09 19:20:26,128 - INFO - Custom MySQL connection established successfully!
2025-03-09 19:20:26,130 - INFO - Inside CustomAuthBackend!
2025-03-09 19:20:26,134 - INFO - User Authenticated...
2025-03-09 19:20:26,135 - INFO - SignInUserView END...
2025-03-09 19:20:26,136 - INFO - Custom MySQL connection closed successfully.
2025-03-09 19:20:26,208 - INFO - Custom MySQL connection established successfully!
2025-03-09 19:20:26,220 - INFO - Custom MySQL connection closed successfully.
2025-03-09 19:21:12,469 - INFO - D:\Akshata\Food-Factory-Management-System\food_factory_backend\apps\users\views.py changed, reloading.
2025-03-09 19:21:40,549 - INFO - D:\Akshata\Food-Factory-Management-System\food_factory_backend\apps\users\views.py changed, reloading.
2025-03-09 19:22:05,398 - INFO - D:\Akshata\Food-Factory-Management-System\food_factory_backend\apps\users\views.py changed, reloading.
2025-03-09 19:22:12,557 - INFO - D:\Akshata\Food-Factory-Management-System\food_factory_backend\apps\users\views.py changed, reloading.
2025-03-09 19:22:19,945 - INFO - D:\Akshata\Food-Factory-Management-System\food_factory_backend\apps\users\views.py changed, reloading.
2025-03-09 19:22:25,239 - INFO - D:\Akshata\Food-Factory-Management-System\food_factory_backend\apps\users\views.py changed, reloading.
2025-03-09 19:22:30,333 - INFO - D:\Akshata\Food-Factory-Management-System\food_factory_backend\apps\users\views.py changed, reloading.
2025-03-09 19:24:50,755 - INFO - D:\Akshata\Food-Factory-Management-System\food_factory_backend\apps\users\views.py changed, reloading.
2025-03-09 19:24:56,114 - INFO - D:\Akshata\Food-Factory-Management-System\food_factory_backend\apps\users\views.py changed, reloading.
2025-03-09 19:25:10,799 - INFO - D:\Akshata\Food-Factory-Management-System\food_factory_backend\apps\users\views.py changed, reloading.
2025-03-09 19:25:21,502 - INFO - D:\Akshata\Food-Factory-Management-System\food_factory_backend\apps\users\views.py changed, reloading.
2025-03-09 19:25:34,747 - INFO - D:\Akshata\Food-Factory-Management-System\food_factory_backend\apps\users\views.py changed, reloading.
2025-03-09 19:25:47,891 - INFO - D:\Akshata\Food-Factory-Management-System\food_factory_backend\services\db_config\dbConfigService.py changed, reloading.
2025-03-09 19:25:52,760 - INFO - D:\Akshata\Food-Factory-Management-System\food_factory_backend\services\db_config\dbConfigService.py changed, reloading.
2025-03-09 19:26:39,828 - INFO - D:\Akshata\Food-Factory-Management-System\food_factory_backend\services\db_config\dbConfigService.py changed, reloading.
2025-03-09 19:26:44,771 - INFO - D:\Akshata\Food-Factory-Management-System\food_factory_backend\services\db_config\dbConfigService.py changed, reloading.
2025-03-09 19:26:49,606 - INFO - D:\Akshata\Food-Factory-Management-System\food_factory_backend\constants\queries.py changed, reloading.
2025-03-09 19:27:15,486 - INFO - D:\Akshata\Food-Factory-Management-System\food_factory_backend\constants\queries.py changed, reloading.
2025-03-09 19:27:43,992 - INFO - D:\Akshata\Food-Factory-Management-System\food_factory_backend\constants\queries.py changed, reloading.
2025-03-09 19:27:48,722 - INFO - D:\Akshata\Food-Factory-Management-System\food_factory_backend\constants\queries.py changed, reloading.
2025-03-09 19:27:57,374 - INFO - D:\Akshata\Food-Factory-Management-System\food_factory_backend\constants\queries.py changed, reloading.
2025-03-09 19:28:01,957 - INFO - D:\Akshata\Food-Factory-Management-System\food_factory_backend\constants\queries.py changed, reloading.
2025-03-09 19:28:11,256 - INFO - D:\Akshata\Food-Factory-Management-System\food_factory_backend\constants\queries.py changed, reloading.
2025-03-09 19:28:16,331 - INFO - D:\Akshata\Food-Factory-Management-System\food_factory_backend\constants\queries.py changed, reloading.
2025-03-09 19:28:20,999 - INFO - D:\Akshata\Food-Factory-Management-System\food_factory_backend\constants\queries.py changed, reloading.
2025-03-09 19:28:29,222 - INFO - D:\Akshata\Food-Factory-Management-System\food_factory_backend\constants\queries.py changed, reloading.
2025-03-09 19:28:33,864 - INFO - D:\Akshata\Food-Factory-Management-System\food_factory_backend\constants\queries.py changed, reloading.
2025-03-09 19:28:43,289 - INFO - D:\Akshata\Food-Factory-Management-System\food_factory_backend\services\db_config\dbConfigService.py changed, reloading.
2025-03-09 19:28:57,309 - INFO - D:\Akshata\Food-Factory-Management-System\food_factory_backend\services\db_config\dbConfigService.py changed, reloading.
2025-03-09 19:29:07,112 - INFO - D:\Akshata\Food-Factory-Management-System\food_factory_backend\services\user\users.py changed, reloading.
2025-03-09 19:29:17,957 - INFO - D:\Akshata\Food-Factory-Management-System\food_factory_backend\services\user\users.py changed, reloading.
2025-03-09 19:29:30,553 - INFO - D:\Akshata\Food-Factory-Management-System\food_factory_backend\services\user\users.py changed, reloading.
2025-03-09 19:29:36,010 - INFO - D:\Akshata\Food-Factory-Management-System\food_factory_backend\services\user\users.py changed, reloading.
2025-03-09 19:30:49,230 - INFO - D:\Akshata\Food-Factory-Management-System\food_factory_backend\services\user\users.py changed, reloading.
2025-03-09 19:31:40,419 - INFO - D:\Akshata\Food-Factory-Management-System\food_factory_backend\services\user\users.py changed, reloading.
2025-03-09 19:31:46,955 - INFO - D:\Akshata\Food-Factory-Management-System\food_factory_backend\services\user\users.py changed, reloading.
2025-03-09 19:31:55,818 - INFO - D:\Akshata\Food-Factory-Management-System\food_factory_backend\services\user\users.py changed, reloading.
2025-03-09 19:32:46,004 - INFO - D:\Akshata\Food-Factory-Management-System\food_factory_backend\apps\users\views.py changed, reloading.
2025-03-09 19:33:35,251 - INFO - D:\Akshata\Food-Factory-Management-System\food_factory_backend\apps\users\views.py changed, reloading.
2025-03-09 19:34:06,372 - INFO - D:\Akshata\Food-Factory-Management-System\food_factory_backend\apps\users\views.py changed, reloading.
2025-03-09 19:34:11,629 - INFO - D:\Akshata\Food-Factory-Management-System\food_factory_backend\apps\users\views.py changed, reloading.
2025-03-09 19:34:16,674 - INFO - D:\Akshata\Food-Factory-Management-System\food_factory_backend\apps\users\views.py changed, reloading.
2025-03-09 19:34:25,022 - INFO - D:\Akshata\Food-Factory-Management-System\food_factory_backend\apps\users\views.py changed, reloading.
2025-03-09 19:35:03,344 - INFO - D:\Akshata\Food-Factory-Management-System\food_factory_backend\apps\users\urls.py changed, reloading.
2025-03-09 19:35:08,070 - INFO - D:\Akshata\Food-Factory-Management-System\food_factory_backend\apps\users\urls.py changed, reloading.
2025-03-09 19:35:22,327 - INFO - D:\Akshata\Food-Factory-Management-System\food_factory_backend\apps\users\urls.py changed, reloading.
2025-03-09 19:35:27,474 - INFO - D:\Akshata\Food-Factory-Management-System\food_factory_backend\apps\users\urls.py changed, reloading.
2025-03-09 19:35:33,479 - INFO - D:\Akshata\Food-Factory-Management-System\food_factory_backend\apps\users\urls.py changed, reloading.
2025-03-09 19:35:39,602 - INFO - D:\Akshata\Food-Factory-Management-System\food_factory_backend\apps\users\urls.py changed, reloading.
2025-03-09 19:35:46,837 - INFO - D:\Akshata\Food-Factory-Management-System\food_factory_backend\apps\users\urls.py changed, reloading.
2025-03-09 19:35:54,186 - INFO - D:\Akshata\Food-Factory-Management-System\food_factory_backend\apps\users\urls.py changed, reloading.
2025-03-09 19:38:33,418 - INFO - Inside FetchDealerDetailsView!
2025-03-09 19:38:33,604 - INFO - Custom MySQL connection established successfully!
2025-03-09 19:38:33,605 - INFO - Inside update_db_config_data!
2025-03-09 19:38:33,608 - ERROR - Error updating config: Could not process parameters: int(2), it must be of type list, tuple or dict
2025-03-09 19:38:33,609 - INFO - Custom MySQL connection closed successfully.
2025-03-09 19:38:33,808 - ERROR - Internal Server Error: /user/fetchDealerDetails/
Traceback (most recent call last):
  File "C:\Python311\Lib\site-packages\django\core\handlers\exception.py", line 55, in inner
    response = get_response(request)
               ^^^^^^^^^^^^^^^^^^^^^
  File "C:\Python311\Lib\site-packages\django\core\handlers\base.py", line 197, in _get_response
    response = wrapped_callback(request, *callback_args, **callback_kwargs)
               ^^^^^^^^^^^^^^^^^^^^^^^^^^^^^^^^^^^^^^^^^^^^^^^^^^^^^^^^^^^^
  File "C:\Python311\Lib\site-packages\django\views\decorators\csrf.py", line 65, in _view_wrapper
    return view_func(request, *args, **kwargs)
           ^^^^^^^^^^^^^^^^^^^^^^^^^^^^^^^^^^^
  File "C:\Python311\Lib\site-packages\django\views\generic\base.py", line 104, in view
    return self.dispatch(request, *args, **kwargs)
           ^^^^^^^^^^^^^^^^^^^^^^^^^^^^^^^^^^^^^^^
  File "C:\Python311\Lib\site-packages\rest_framework\views.py", line 511, in dispatch
    self.response = self.finalize_response(request, response, *args, **kwargs)
                    ^^^^^^^^^^^^^^^^^^^^^^^^^^^^^^^^^^^^^^^^^^^^^^^^^^^^^^^^^^
  File "C:\Python311\Lib\site-packages\rest_framework\views.py", line 423, in finalize_response
    assert isinstance(response, HttpResponseBase), (
AssertionError: Expected a `Response`, `HttpResponse` or `StreamingHttpResponse` to be returned from the view, but received a `<class 'NoneType'>`
2025-03-09 19:39:16,967 - INFO - D:\Akshata\Food-Factory-Management-System\food_factory_backend\services\user\users.py changed, reloading.
2025-03-09 19:39:24,932 - INFO - Inside FetchDealerDetailsView!
2025-03-09 19:39:25,032 - INFO - Custom MySQL connection established successfully!
2025-03-09 19:39:25,033 - INFO - Inside update_db_config_data!
2025-03-09 19:39:25,043 - INFO - Custom MySQL connection closed successfully.
2025-03-09 19:41:43,866 - INFO - Custom MySQL connection established successfully!
2025-03-09 19:41:43,885 - INFO - Custom MySQL connection closed successfully.
2025-03-09 19:41:46,891 - INFO - Custom MySQL connection established successfully!
2025-03-09 19:41:46,902 - INFO - Custom MySQL connection closed successfully.
2025-03-09 19:41:47,863 - INFO - Custom MySQL connection established successfully!
2025-03-09 19:41:47,876 - INFO - Custom MySQL connection closed successfully.
2025-03-09 19:41:48,507 - INFO - Custom MySQL connection established successfully!
2025-03-09 19:41:48,514 - INFO - Custom MySQL connection closed successfully.
2025-03-09 19:41:49,579 - INFO - Custom MySQL connection established successfully!
2025-03-09 19:41:49,585 - INFO - Custom MySQL connection closed successfully.
2025-03-09 19:42:03,606 - INFO - Custom MySQL connection established successfully!
2025-03-09 19:42:03,616 - INFO - Custom MySQL connection closed successfully.
2025-03-09 19:47:10,188 - INFO - Custom MySQL connection established successfully!
2025-03-09 19:47:10,198 - INFO - Custom MySQL connection closed successfully.
2025-03-09 19:47:24,475 - INFO - Custom MySQL connection established successfully!
2025-03-09 19:47:24,486 - INFO - Custom MySQL connection closed successfully.
2025-03-09 19:47:27,607 - INFO - Custom MySQL connection established successfully!
2025-03-09 19:47:27,617 - INFO - Custom MySQL connection closed successfully.
2025-03-09 19:50:57,452 - INFO - Custom MySQL connection established successfully!
2025-03-09 19:50:57,462 - INFO - Custom MySQL connection closed successfully.
2025-03-09 19:51:18,906 - INFO - D:\Akshata\Food-Factory-Management-System\food_factory_backend\apps\users\views.py changed, reloading.
2025-03-09 19:53:06,678 - INFO - Custom MySQL connection established successfully!
2025-03-09 19:53:06,692 - INFO - Custom MySQL connection closed successfully.
2025-03-09 19:53:20,305 - INFO - Custom MySQL connection established successfully!
2025-03-09 19:53:20,315 - INFO - Custom MySQL connection closed successfully.
2025-03-09 19:53:39,915 - INFO - Custom MySQL connection established successfully!
2025-03-09 19:53:39,921 - INFO - Custom MySQL connection closed successfully.
2025-03-09 19:53:54,723 - INFO - Custom MySQL connection established successfully!
2025-03-09 19:53:54,734 - INFO - Custom MySQL connection closed successfully.
2025-03-09 19:54:01,804 - INFO - Custom MySQL connection established successfully!
2025-03-09 19:54:01,816 - INFO - Custom MySQL connection closed successfully.
2025-03-09 19:54:04,541 - INFO - Custom MySQL connection established successfully!
2025-03-09 19:54:04,546 - INFO - Custom MySQL connection closed successfully.
2025-03-09 19:54:08,591 - INFO - Custom MySQL connection established successfully!
2025-03-09 19:54:08,602 - INFO - Custom MySQL connection closed successfully.
2025-03-09 19:54:17,264 - INFO - Custom MySQL connection established successfully!
2025-03-09 19:54:17,275 - INFO - Custom MySQL connection closed successfully.
2025-03-09 19:54:22,518 - INFO - Custom MySQL connection established successfully!
2025-03-09 19:54:22,529 - INFO - Custom MySQL connection closed successfully.
2025-03-09 19:54:28,062 - INFO - Inside FetchDealerDetailsView!
2025-03-09 19:54:28,090 - INFO - Custom MySQL connection established successfully!
2025-03-09 19:54:28,091 - INFO - Inside update_db_config_data!
2025-03-09 19:54:28,133 - INFO - Custom MySQL connection closed successfully.
2025-03-09 19:55:09,122 - INFO - D:\Akshata\Food-Factory-Management-System\food_factory_backend\apps\users\views.py changed, reloading.
2025-03-09 19:55:19,818 - INFO - Custom MySQL connection established successfully!
2025-03-09 19:55:19,823 - INFO - Custom MySQL connection closed successfully.
2025-03-09 19:55:21,361 - INFO - Inside FetchDealerDetailsView!
2025-03-09 19:55:21,384 - INFO - Custom MySQL connection established successfully!
2025-03-09 19:55:21,385 - INFO - Inside update_db_config_data!
2025-03-09 19:55:21,393 - INFO - Custom MySQL connection closed successfully.
2025-03-09 19:56:48,546 - INFO - D:\Akshata\Food-Factory-Management-System\food_factory_backend\services\user\users.py changed, reloading.
2025-03-09 19:57:02,535 - INFO - Inside FetchDealerDetailsView!
2025-03-09 19:57:02,640 - INFO - Custom MySQL connection established successfully!
2025-03-09 19:57:02,643 - INFO - Inside fetch_dealer_details!
2025-03-09 19:57:02,737 - INFO - Custom MySQL connection closed successfully.
2025-03-09 19:57:02,739 - ERROR - Internal Server Error: /user/fetchDealerDetails/
2025-03-09 19:57:18,469 - INFO - D:\Akshata\Food-Factory-Management-System\food_factory_backend\apps\users\views.py changed, reloading.
2025-03-09 19:57:39,421 - INFO - Inside FetchDealerDetailsView!
2025-03-09 19:57:39,511 - INFO - Custom MySQL connection established successfully!
2025-03-09 19:57:39,513 - INFO - Inside fetch_dealer_details!
2025-03-09 19:57:39,518 - INFO - Custom MySQL connection closed successfully.
2025-03-09 19:57:51,325 - INFO - Custom MySQL connection established successfully!
2025-03-09 19:57:51,338 - INFO - Custom MySQL connection closed successfully.
2025-03-09 19:57:52,791 - INFO - Inside FetchDealerDetailsView!
2025-03-09 19:57:52,810 - INFO - Custom MySQL connection established successfully!
2025-03-09 19:57:52,811 - INFO - Inside fetch_dealer_details!
2025-03-09 19:57:52,826 - INFO - Custom MySQL connection closed successfully.
2025-03-09 20:00:05,908 - INFO - Custom MySQL connection established successfully!
2025-03-09 20:00:05,914 - INFO - Custom MySQL connection closed successfully.
2025-03-09 20:00:14,348 - INFO - Custom MySQL connection established successfully!
2025-03-09 20:00:14,360 - INFO - Custom MySQL connection closed successfully.
2025-03-09 20:00:24,730 - INFO - Custom MySQL connection established successfully!
2025-03-09 20:00:24,740 - INFO - Custom MySQL connection closed successfully.
2025-03-09 20:00:32,153 - INFO - Custom MySQL connection established successfully!
2025-03-09 20:00:32,159 - INFO - Custom MySQL connection closed successfully.
2025-03-09 20:00:42,051 - INFO - Inside FetchDealerDetailsView!
2025-03-09 20:00:42,070 - INFO - Custom MySQL connection established successfully!
2025-03-09 20:00:42,071 - INFO - Inside fetch_dealer_details!
2025-03-09 20:00:42,078 - INFO - Custom MySQL connection closed successfully.
2025-03-09 20:01:05,141 - INFO - Custom MySQL connection established successfully!
2025-03-09 20:01:05,154 - INFO - Custom MySQL connection closed successfully.
2025-03-09 20:01:06,482 - INFO - Inside FetchDealerDetailsView!
2025-03-09 20:01:06,499 - INFO - Custom MySQL connection established successfully!
2025-03-09 20:01:06,500 - INFO - Inside fetch_dealer_details!
2025-03-09 20:01:06,506 - INFO - Custom MySQL connection closed successfully.
2025-03-09 20:10:00,179 - INFO - Custom MySQL connection established successfully!
2025-03-09 20:10:00,191 - INFO - Custom MySQL connection closed successfully.
2025-03-09 20:10:02,449 - INFO - Inside FetchDealerDetailsView!
2025-03-09 20:10:02,472 - INFO - Custom MySQL connection established successfully!
2025-03-09 20:10:02,473 - INFO - Inside fetch_dealer_details!
2025-03-09 20:10:02,482 - INFO - Custom MySQL connection closed successfully.
2025-03-09 20:11:21,222 - INFO - Custom MySQL connection established successfully!
2025-03-09 20:11:21,233 - INFO - Custom MySQL connection closed successfully.
2025-03-09 20:11:24,412 - INFO - Inside FetchDealerDetailsView!
2025-03-09 20:11:24,438 - INFO - Custom MySQL connection established successfully!
2025-03-09 20:11:24,438 - INFO - Inside fetch_dealer_details!
2025-03-09 20:11:24,441 - INFO - Custom MySQL connection closed successfully.
2025-03-09 20:12:09,479 - INFO - Custom MySQL connection established successfully!
2025-03-09 20:12:09,506 - INFO - Custom MySQL connection closed successfully.
2025-03-09 20:12:10,975 - INFO - Inside FetchDealerDetailsView!
2025-03-09 20:12:11,001 - INFO - Custom MySQL connection established successfully!
2025-03-09 20:12:11,002 - INFO - Inside fetch_dealer_details!
2025-03-09 20:12:11,011 - INFO - Custom MySQL connection closed successfully.
2025-03-09 20:12:39,659 - INFO - Custom MySQL connection established successfully!
2025-03-09 20:12:39,668 - INFO - Custom MySQL connection closed successfully.
2025-03-09 20:13:58,100 - INFO - Inside FetchDealerDetailsView!
2025-03-09 20:13:58,116 - INFO - Custom MySQL connection established successfully!
2025-03-09 20:13:58,116 - INFO - Inside fetch_dealer_details!
2025-03-09 20:13:58,124 - INFO - Custom MySQL connection closed successfully.
2025-03-09 20:14:15,968 - INFO - Custom MySQL connection established successfully!
2025-03-09 20:14:15,984 - INFO - Custom MySQL connection closed successfully.
2025-03-09 20:23:07,710 - INFO - Custom MySQL connection established successfully!
2025-03-09 20:23:07,718 - INFO - Custom MySQL connection closed successfully.
2025-03-09 20:26:49,394 - INFO - Custom MySQL connection established successfully!
2025-03-09 20:26:49,398 - INFO - Custom MySQL connection closed successfully.
2025-03-09 20:27:32,296 - INFO - Custom MySQL connection established successfully!
2025-03-09 20:27:32,305 - INFO - Custom MySQL connection closed successfully.
2025-03-09 20:27:57,505 - INFO - Inside FetchDealerDetailsView!
2025-03-09 20:27:57,534 - INFO - Custom MySQL connection established successfully!
2025-03-09 20:27:57,535 - INFO - Inside fetch_dealer_details!
2025-03-09 20:27:57,541 - INFO - Custom MySQL connection closed successfully.
2025-03-09 20:28:47,523 - INFO - Custom MySQL connection established successfully!
2025-03-09 20:28:47,532 - INFO - Custom MySQL connection closed successfully.
2025-03-09 20:28:50,466 - INFO - Custom MySQL connection established successfully!
2025-03-09 20:28:50,487 - INFO - Custom MySQL connection closed successfully.
2025-03-09 20:28:52,300 - INFO - Custom MySQL connection established successfully!
2025-03-09 20:28:52,313 - INFO - Custom MySQL connection closed successfully.
2025-03-09 20:28:53,347 - INFO - Inside FetchDealerDetailsView!
2025-03-09 20:28:53,374 - INFO - Custom MySQL connection established successfully!
2025-03-09 20:28:53,375 - INFO - Inside fetch_dealer_details!
2025-03-09 20:28:53,383 - INFO - Custom MySQL connection closed successfully.
2025-03-09 20:30:31,341 - INFO - Custom MySQL connection established successfully!
2025-03-09 20:30:31,352 - INFO - Custom MySQL connection closed successfully.
2025-03-09 20:30:33,366 - INFO - Inside FetchDealerDetailsView!
2025-03-09 20:30:33,387 - INFO - Custom MySQL connection established successfully!
2025-03-09 20:30:33,389 - INFO - Inside fetch_dealer_details!
2025-03-09 20:30:33,395 - INFO - Custom MySQL connection closed successfully.
2025-03-09 20:31:19,335 - INFO - Custom MySQL connection established successfully!
2025-03-09 20:31:19,353 - INFO - Custom MySQL connection closed successfully.
2025-03-09 20:31:22,597 - INFO - Inside FetchDealerDetailsView!
2025-03-09 20:31:22,633 - INFO - Custom MySQL connection established successfully!
2025-03-09 20:31:22,635 - INFO - Inside fetch_dealer_details!
2025-03-09 20:31:22,638 - INFO - Custom MySQL connection closed successfully.
2025-03-09 20:33:38,542 - INFO - Custom MySQL connection established successfully!
2025-03-09 20:33:38,555 - INFO - Custom MySQL connection closed successfully.
2025-03-09 20:33:42,049 - INFO - Custom MySQL connection established successfully!
2025-03-09 20:33:42,058 - INFO - Custom MySQL connection closed successfully.
2025-03-09 20:33:44,753 - INFO - Custom MySQL connection established successfully!
2025-03-09 20:33:44,761 - INFO - Custom MySQL connection closed successfully.
2025-03-09 20:33:48,150 - INFO - Custom MySQL connection established successfully!
2025-03-09 20:33:48,164 - INFO - Custom MySQL connection closed successfully.
2025-03-09 20:33:53,453 - INFO - Custom MySQL connection established successfully!
2025-03-09 20:33:53,463 - INFO - Custom MySQL connection closed successfully.
2025-03-09 20:33:56,036 - INFO - Inside FetchDealerDetailsView!
2025-03-09 20:33:56,049 - INFO - Custom MySQL connection established successfully!
2025-03-09 20:33:56,050 - INFO - Inside fetch_dealer_details!
2025-03-09 20:33:56,055 - INFO - Custom MySQL connection closed successfully.
2025-03-09 20:34:45,692 - INFO - Custom MySQL connection established successfully!
2025-03-09 20:34:45,706 - INFO - Custom MySQL connection closed successfully.
2025-03-09 20:34:49,209 - INFO - Inside FetchDealerDetailsView!
2025-03-09 20:34:49,226 - INFO - Custom MySQL connection established successfully!
2025-03-09 20:34:49,226 - INFO - Inside fetch_dealer_details!
2025-03-09 20:34:49,231 - INFO - Custom MySQL connection closed successfully.
2025-03-09 20:34:54,154 - INFO - Custom MySQL connection established successfully!
2025-03-09 20:34:54,174 - INFO - Custom MySQL connection closed successfully.
2025-03-09 20:34:56,194 - INFO - Inside FetchDealerDetailsView!
2025-03-09 20:34:56,207 - INFO - Custom MySQL connection established successfully!
2025-03-09 20:34:56,207 - INFO - Inside fetch_dealer_details!
2025-03-09 20:34:56,211 - INFO - Custom MySQL connection closed successfully.
2025-03-09 20:35:12,941 - INFO - Custom MySQL connection established successfully!
2025-03-09 20:35:12,952 - INFO - Custom MySQL connection closed successfully.
2025-03-09 20:35:14,287 - INFO - Inside FetchDealerDetailsView!
2025-03-09 20:35:14,302 - INFO - Custom MySQL connection established successfully!
2025-03-09 20:35:14,302 - INFO - Inside fetch_dealer_details!
2025-03-09 20:35:14,304 - INFO - Custom MySQL connection closed successfully.
2025-03-09 20:35:33,896 - INFO - Custom MySQL connection established successfully!
2025-03-09 20:35:33,909 - INFO - Custom MySQL connection closed successfully.
2025-03-09 20:35:35,756 - INFO - Inside FetchDealerDetailsView!
2025-03-09 20:35:35,767 - INFO - Custom MySQL connection established successfully!
2025-03-09 20:35:35,768 - INFO - Inside fetch_dealer_details!
2025-03-09 20:35:35,770 - INFO - Custom MySQL connection closed successfully.
2025-03-09 20:35:49,456 - INFO - Custom MySQL connection established successfully!
2025-03-09 20:35:49,465 - INFO - Custom MySQL connection closed successfully.
2025-03-09 20:35:52,965 - INFO - Custom MySQL connection established successfully!
2025-03-09 20:35:52,977 - INFO - Custom MySQL connection closed successfully.
2025-03-09 20:35:56,372 - INFO - Custom MySQL connection established successfully!
2025-03-09 20:35:56,386 - INFO - Custom MySQL connection closed successfully.
2025-03-09 20:36:06,568 - INFO - Custom MySQL connection established successfully!
2025-03-09 20:36:06,576 - INFO - Custom MySQL connection closed successfully.
2025-03-09 20:36:13,176 - INFO - Custom MySQL connection established successfully!
2025-03-09 20:36:13,191 - INFO - Custom MySQL connection closed successfully.
2025-03-09 20:36:22,253 - INFO - Custom MySQL connection established successfully!
2025-03-09 20:36:22,260 - INFO - Custom MySQL connection closed successfully.
2025-03-09 20:36:27,957 - INFO - Custom MySQL connection established successfully!
2025-03-09 20:36:27,977 - INFO - Custom MySQL connection closed successfully.
2025-03-09 20:36:29,189 - INFO - Inside FetchDealerDetailsView!
2025-03-09 20:36:29,200 - INFO - Custom MySQL connection established successfully!
2025-03-09 20:36:29,201 - INFO - Inside fetch_dealer_details!
2025-03-09 20:36:29,204 - INFO - Custom MySQL connection closed successfully.
2025-03-09 20:36:58,551 - INFO - Custom MySQL connection established successfully!
2025-03-09 20:36:58,560 - INFO - Custom MySQL connection closed successfully.
2025-03-09 20:37:00,960 - INFO - Custom MySQL connection established successfully!
2025-03-09 20:37:00,972 - INFO - Custom MySQL connection closed successfully.
2025-03-09 20:37:14,842 - INFO - Custom MySQL connection established successfully!
2025-03-09 20:37:14,855 - INFO - Custom MySQL connection closed successfully.
2025-03-09 20:37:18,406 - INFO - Custom MySQL connection established successfully!
2025-03-09 20:37:18,414 - INFO - Custom MySQL connection closed successfully.
2025-03-09 20:37:26,182 - INFO - Custom MySQL connection established successfully!
2025-03-09 20:37:26,193 - INFO - Custom MySQL connection closed successfully.
2025-03-09 20:37:29,126 - INFO - Custom MySQL connection established successfully!
2025-03-09 20:37:29,133 - INFO - Custom MySQL connection closed successfully.
2025-03-09 20:37:38,675 - INFO - Custom MySQL connection established successfully!
2025-03-09 20:37:38,681 - INFO - Custom MySQL connection closed successfully.
2025-03-09 20:37:41,205 - INFO - Custom MySQL connection established successfully!
2025-03-09 20:37:41,233 - INFO - Custom MySQL connection closed successfully.
2025-03-09 20:37:43,239 - INFO - Inside FetchDealerDetailsView!
2025-03-09 20:37:43,254 - INFO - Custom MySQL connection established successfully!
2025-03-09 20:37:43,254 - INFO - Inside fetch_dealer_details!
2025-03-09 20:37:43,257 - INFO - Custom MySQL connection closed successfully.
2025-03-09 20:40:47,324 - INFO - Custom MySQL connection established successfully!
2025-03-09 20:40:47,333 - INFO - Custom MySQL connection closed successfully.
2025-03-09 20:40:56,865 - INFO - Inside FetchDealerDetailsView!
2025-03-09 20:40:56,882 - INFO - Custom MySQL connection established successfully!
2025-03-09 20:40:56,882 - INFO - Inside fetch_dealer_details!
2025-03-09 20:40:56,885 - INFO - Custom MySQL connection closed successfully.
2025-03-09 20:41:15,362 - INFO - Custom MySQL connection established successfully!
2025-03-09 20:41:15,378 - INFO - Custom MySQL connection closed successfully.
2025-03-09 20:41:17,963 - INFO - Custom MySQL connection established successfully!
2025-03-09 20:41:17,971 - INFO - Custom MySQL connection closed successfully.
2025-03-09 20:41:45,576 - INFO - Custom MySQL connection established successfully!
2025-03-09 20:41:45,585 - INFO - Custom MySQL connection closed successfully.
2025-03-09 20:41:54,148 - INFO - Custom MySQL connection established successfully!
2025-03-09 20:41:54,159 - INFO - Custom MySQL connection closed successfully.
2025-03-09 20:41:57,256 - INFO - Custom MySQL connection established successfully!
2025-03-09 20:41:57,272 - INFO - Custom MySQL connection closed successfully.
2025-03-09 20:42:00,231 - INFO - Custom MySQL connection established successfully!
2025-03-09 20:42:00,248 - INFO - Custom MySQL connection closed successfully.
2025-03-09 20:42:07,470 - INFO - Inside FetchDealerDetailsView!
2025-03-09 20:42:07,481 - INFO - Custom MySQL connection established successfully!
2025-03-09 20:42:07,481 - INFO - Inside fetch_dealer_details!
2025-03-09 20:42:07,483 - INFO - Custom MySQL connection closed successfully.
2025-03-09 20:42:46,700 - INFO - Custom MySQL connection established successfully!
2025-03-09 20:42:46,713 - INFO - Custom MySQL connection closed successfully.
2025-03-09 20:42:48,695 - INFO - Inside FetchDealerDetailsView!
2025-03-09 20:42:48,710 - INFO - Custom MySQL connection established successfully!
2025-03-09 20:42:48,711 - INFO - Inside fetch_dealer_details!
2025-03-09 20:42:48,712 - INFO - Custom MySQL connection closed successfully.
2025-03-09 20:43:06,505 - INFO - Custom MySQL connection established successfully!
2025-03-09 20:43:06,514 - INFO - Custom MySQL connection closed successfully.
2025-03-09 20:43:07,776 - INFO - Inside FetchDealerDetailsView!
2025-03-09 20:43:07,808 - INFO - Custom MySQL connection established successfully!
2025-03-09 20:43:07,810 - INFO - Inside fetch_dealer_details!
2025-03-09 20:43:07,816 - INFO - Custom MySQL connection closed successfully.
2025-03-09 20:43:28,820 - INFO - Custom MySQL connection established successfully!
2025-03-09 20:43:28,832 - INFO - Custom MySQL connection closed successfully.
2025-03-09 20:43:33,208 - INFO - Inside FetchDealerDetailsView!
2025-03-09 20:43:33,221 - INFO - Custom MySQL connection established successfully!
2025-03-09 20:43:33,221 - INFO - Inside fetch_dealer_details!
2025-03-09 20:43:33,223 - INFO - Custom MySQL connection closed successfully.
2025-03-09 20:55:05,043 - INFO - Custom MySQL connection established successfully!
2025-03-09 20:55:05,108 - INFO - Custom MySQL connection closed successfully.
2025-03-09 21:14:46,818 - INFO - Custom MySQL connection established successfully!
2025-03-09 21:14:46,876 - INFO - Custom MySQL connection closed successfully.
2025-03-09 21:14:51,642 - INFO - Custom MySQL connection established successfully!
2025-03-09 21:14:51,659 - INFO - Custom MySQL connection closed successfully.
2025-03-09 21:15:04,636 - INFO - Custom MySQL connection established successfully!
2025-03-09 21:15:04,647 - INFO - Custom MySQL connection closed successfully.
2025-03-09 21:21:15,304 - INFO - Custom MySQL connection established successfully!
2025-03-09 21:21:15,314 - INFO - Custom MySQL connection closed successfully.
2025-03-09 21:22:44,786 - INFO - Custom MySQL connection established successfully!
2025-03-09 21:22:44,799 - INFO - Custom MySQL connection closed successfully.
2025-03-09 21:22:52,713 - INFO - Inside FetchDealerDetailsView!
2025-03-09 21:22:52,731 - INFO - Custom MySQL connection established successfully!
2025-03-09 21:22:52,733 - INFO - Inside fetch_dealer_details!
2025-03-09 21:22:52,774 - INFO - Custom MySQL connection closed successfully.
2025-03-09 21:22:58,519 - INFO - Inside FetchDealerDetailsView!
2025-03-09 21:22:58,545 - INFO - Custom MySQL connection established successfully!
2025-03-09 21:22:58,545 - INFO - Inside fetch_dealer_details!
2025-03-09 21:22:58,557 - INFO - Custom MySQL connection closed successfully.
2025-03-09 21:23:34,833 - INFO - Custom MySQL connection established successfully!
2025-03-09 21:23:34,842 - INFO - Custom MySQL connection closed successfully.
2025-03-09 21:24:08,324 - INFO - Custom MySQL connection established successfully!
2025-03-09 21:24:08,332 - INFO - Custom MySQL connection closed successfully.
2025-03-09 21:24:09,904 - INFO - Inside FetchDealerDetailsView!
2025-03-09 21:24:09,916 - INFO - Custom MySQL connection established successfully!
2025-03-09 21:24:09,918 - INFO - Inside fetch_dealer_details!
2025-03-09 21:24:09,924 - INFO - Custom MySQL connection closed successfully.
2025-03-09 21:24:45,660 - INFO - Custom MySQL connection established successfully!
2025-03-09 21:24:45,668 - INFO - Custom MySQL connection closed successfully.
2025-03-09 21:24:47,153 - INFO - Inside FetchDealerDetailsView!
2025-03-09 21:24:47,168 - INFO - Custom MySQL connection established successfully!
2025-03-09 21:24:47,168 - INFO - Inside fetch_dealer_details!
2025-03-09 21:24:47,172 - INFO - Custom MySQL connection closed successfully.
2025-03-09 21:34:42,997 - INFO - Custom MySQL connection established successfully!
2025-03-09 21:34:43,026 - INFO - Custom MySQL connection closed successfully.
2025-03-09 21:34:49,594 - INFO - Inside FetchDealerDetailsView!
2025-03-09 21:34:49,710 - INFO - Custom MySQL connection established successfully!
2025-03-09 21:34:49,714 - INFO - Inside fetch_dealer_details!
2025-03-09 21:34:49,735 - INFO - Custom MySQL connection closed successfully.
2025-03-09 21:41:13,279 - INFO - Custom MySQL connection established successfully!
2025-03-09 21:41:13,311 - INFO - Custom MySQL connection closed successfully.
2025-03-09 21:53:18,920 - INFO - Custom MySQL connection established successfully!
2025-03-09 21:53:18,935 - INFO - Custom MySQL connection closed successfully.
2025-03-09 21:53:19,886 - INFO - Custom MySQL connection established successfully!
2025-03-09 21:53:19,897 - INFO - Custom MySQL connection closed successfully.
2025-03-09 21:53:23,366 - INFO - Custom MySQL connection established successfully!
2025-03-09 21:53:23,375 - INFO - Custom MySQL connection closed successfully.
2025-03-09 21:53:40,843 - INFO - Custom MySQL connection established successfully!
2025-03-09 21:53:40,849 - INFO - Custom MySQL connection closed successfully.
2025-03-09 21:53:43,000 - INFO - Custom MySQL connection established successfully!
2025-03-09 21:53:43,008 - INFO - Custom MySQL connection closed successfully.
2025-03-09 21:53:47,135 - INFO - Inside FetchDealerDetailsView!
2025-03-09 21:53:47,150 - INFO - Custom MySQL connection established successfully!
2025-03-09 21:53:47,150 - INFO - Inside fetch_dealer_details!
2025-03-09 21:53:47,161 - INFO - Custom MySQL connection closed successfully.
2025-03-09 21:54:13,056 - INFO - Custom MySQL connection established successfully!
2025-03-09 21:54:13,061 - INFO - Custom MySQL connection closed successfully.
2025-03-09 21:54:19,715 - INFO - Custom MySQL connection established successfully!
2025-03-09 21:54:19,726 - INFO - Custom MySQL connection closed successfully.
2025-03-09 21:54:29,653 - INFO - Custom MySQL connection established successfully!
2025-03-09 21:54:29,659 - INFO - Custom MySQL connection closed successfully.
2025-03-09 21:54:44,885 - INFO - Custom MySQL connection established successfully!
2025-03-09 21:54:44,889 - INFO - Custom MySQL connection closed successfully.
2025-03-09 21:54:54,035 - INFO - Custom MySQL connection established successfully!
2025-03-09 21:54:54,047 - INFO - Custom MySQL connection closed successfully.
2025-03-09 21:54:56,888 - INFO - Custom MySQL connection established successfully!
2025-03-09 21:54:56,892 - INFO - Custom MySQL connection closed successfully.
2025-03-09 21:55:02,035 - INFO - Custom MySQL connection established successfully!
2025-03-09 21:55:02,041 - INFO - Custom MySQL connection closed successfully.
2025-03-09 21:55:07,683 - INFO - Custom MySQL connection established successfully!
2025-03-09 21:55:07,688 - INFO - Custom MySQL connection closed successfully.
2025-03-09 21:55:10,822 - INFO - Custom MySQL connection established successfully!
2025-03-09 21:55:10,829 - INFO - Custom MySQL connection closed successfully.
2025-03-09 21:55:13,728 - INFO - Custom MySQL connection established successfully!
2025-03-09 21:55:13,731 - INFO - Custom MySQL connection closed successfully.
2025-03-09 21:55:15,864 - INFO - Custom MySQL connection established successfully!
2025-03-09 21:55:15,869 - INFO - Custom MySQL connection closed successfully.
2025-03-09 21:55:18,809 - INFO - Custom MySQL connection established successfully!
2025-03-09 21:55:18,813 - INFO - Custom MySQL connection closed successfully.
2025-03-09 21:55:21,689 - INFO - Custom MySQL connection established successfully!
2025-03-09 21:55:21,697 - INFO - Custom MySQL connection closed successfully.
2025-03-09 21:55:25,523 - INFO - Inside FetchDealerDetailsView!
2025-03-09 21:55:25,534 - INFO - Custom MySQL connection established successfully!
2025-03-09 21:55:25,535 - INFO - Inside fetch_dealer_details!
2025-03-09 21:55:25,539 - INFO - Custom MySQL connection closed successfully.
2025-03-09 21:55:38,838 - INFO - Custom MySQL connection established successfully!
2025-03-09 21:55:38,852 - INFO - Custom MySQL connection closed successfully.
2025-03-09 21:55:43,650 - INFO - Custom MySQL connection established successfully!
2025-03-09 21:55:43,663 - INFO - Custom MySQL connection closed successfully.
2025-03-09 21:55:48,858 - INFO - Custom MySQL connection established successfully!
2025-03-09 21:55:48,868 - INFO - Custom MySQL connection closed successfully.
2025-03-09 21:55:52,141 - INFO - Custom MySQL connection established successfully!
2025-03-09 21:55:52,149 - INFO - Custom MySQL connection closed successfully.
2025-03-09 21:55:52,814 - INFO - Inside FetchDealerDetailsView!
2025-03-09 21:55:52,840 - INFO - Custom MySQL connection established successfully!
2025-03-09 21:55:52,840 - INFO - Inside fetch_dealer_details!
2025-03-09 21:55:52,868 - INFO - Custom MySQL connection closed successfully.
2025-03-09 21:58:34,264 - INFO - Custom MySQL connection established successfully!
2025-03-09 21:58:34,274 - INFO - Custom MySQL connection closed successfully.
2025-03-09 21:58:37,811 - INFO - Inside FetchDealerDetailsView!
2025-03-09 21:58:37,824 - INFO - Custom MySQL connection established successfully!
2025-03-09 21:58:37,826 - INFO - Inside fetch_dealer_details!
2025-03-09 21:58:37,832 - INFO - Custom MySQL connection closed successfully.
2025-03-09 21:59:24,242 - INFO - Custom MySQL connection established successfully!
2025-03-09 21:59:24,251 - INFO - Custom MySQL connection closed successfully.
2025-03-09 21:59:27,605 - INFO - Inside FetchDealerDetailsView!
2025-03-09 21:59:27,616 - INFO - Custom MySQL connection established successfully!
2025-03-09 21:59:27,616 - INFO - Inside fetch_dealer_details!
2025-03-09 21:59:27,619 - INFO - Custom MySQL connection closed successfully.
2025-03-09 22:05:09,308 - INFO - Custom MySQL connection established successfully!
2025-03-09 22:05:09,324 - INFO - Custom MySQL connection closed successfully.
2025-03-09 22:05:14,315 - INFO - Inside FetchDealerDetailsView!
2025-03-09 22:05:14,335 - INFO - Custom MySQL connection established successfully!
2025-03-09 22:05:14,337 - INFO - Inside fetch_dealer_details!
2025-03-09 22:05:14,342 - INFO - Custom MySQL connection closed successfully.
2025-03-09 22:05:27,119 - INFO - Inside FetchDealerDetailsView!
2025-03-09 22:05:27,136 - INFO - Custom MySQL connection established successfully!
2025-03-09 22:05:27,136 - INFO - Inside fetch_dealer_details!
2025-03-09 22:05:27,144 - INFO - Custom MySQL connection closed successfully.
2025-03-09 22:05:36,760 - INFO - Inside FetchDealerDetailsView!
2025-03-09 22:05:36,776 - INFO - Custom MySQL connection established successfully!
2025-03-09 22:05:36,776 - INFO - Inside fetch_dealer_details!
2025-03-09 22:05:36,785 - INFO - Custom MySQL connection closed successfully.
2025-03-09 22:20:46,642 - INFO - Custom MySQL connection established successfully!
2025-03-09 22:20:46,685 - INFO - Custom MySQL connection closed successfully.
2025-03-09 22:20:49,178 - INFO - Inside FetchDealerDetailsView!
2025-03-09 22:20:49,219 - INFO - Custom MySQL connection established successfully!
2025-03-09 22:20:49,220 - INFO - Inside fetch_dealer_details!
2025-03-09 22:20:49,239 - INFO - Custom MySQL connection closed successfully.
2025-03-09 22:25:13,242 - INFO - Custom MySQL connection established successfully!
2025-03-09 22:25:13,266 - INFO - Custom MySQL connection closed successfully.
2025-03-09 22:25:15,304 - INFO - Custom MySQL connection established successfully!
2025-03-09 22:25:15,308 - INFO - Custom MySQL connection closed successfully.
2025-03-09 22:25:30,925 - INFO - Custom MySQL connection established successfully!
2025-03-09 22:25:30,934 - INFO - Custom MySQL connection closed successfully.
2025-03-09 22:25:33,756 - INFO - Custom MySQL connection established successfully!
2025-03-09 22:25:33,768 - INFO - Custom MySQL connection closed successfully.
2025-03-10 08:34:32,023 - INFO - Inside DBConfigView!
2025-03-10 08:34:32,270 - INFO - Custom MySQL connection established successfully!
2025-03-10 08:34:32,272 - INFO - Inside fetch_db_config_data!
2025-03-10 08:34:32,286 - INFO - DBConfigView END...
2025-03-10 08:34:32,290 - INFO - Custom MySQL connection closed successfully.
2025-03-10 08:34:56,247 - INFO - Inside SignInUserView!
2025-03-10 08:34:56,274 - INFO - Custom MySQL connection established successfully!
2025-03-10 08:34:56,275 - INFO - Inside CustomAuthBackend!
2025-03-10 08:34:56,336 - INFO - User Authenticated...
2025-03-10 08:34:56,339 - INFO - SignInUserView END...
2025-03-10 08:34:56,341 - INFO - Custom MySQL connection closed successfully.
2025-03-10 08:34:56,407 - INFO - Custom MySQL connection established successfully!
2025-03-10 08:34:56,427 - INFO - Custom MySQL connection closed successfully.
2025-03-10 08:34:58,897 - INFO - Inside FetchDealerDetailsView!
2025-03-10 08:34:58,915 - INFO - Custom MySQL connection established successfully!
2025-03-10 08:34:58,917 - INFO - Inside fetch_dealer_details!
2025-03-10 08:34:58,934 - INFO - Custom MySQL connection closed successfully.
2025-03-10 08:36:37,034 - INFO - Custom MySQL connection established successfully!
2025-03-10 08:36:37,044 - INFO - Custom MySQL connection closed successfully.
2025-03-10 08:36:43,938 - INFO - Inside FetchDealerDetailsView!
2025-03-10 08:36:43,962 - INFO - Custom MySQL connection established successfully!
2025-03-10 08:36:43,963 - INFO - Inside fetch_dealer_details!
2025-03-10 08:36:43,972 - INFO - Custom MySQL connection closed successfully.
2025-03-10 08:38:20,217 - INFO - Inside FetchDealerDetailsView!
2025-03-10 08:38:20,238 - INFO - Custom MySQL connection established successfully!
2025-03-10 08:38:20,239 - INFO - Inside fetch_dealer_details!
2025-03-10 08:38:20,247 - INFO - Custom MySQL connection closed successfully.
2025-03-10 08:39:27,485 - INFO - Inside FetchDealerDetailsView!
2025-03-10 08:39:27,513 - INFO - Custom MySQL connection established successfully!
2025-03-10 08:39:27,513 - INFO - Inside fetch_dealer_details!
2025-03-10 08:39:27,519 - INFO - Custom MySQL connection closed successfully.
2025-03-10 08:40:58,391 - INFO - Custom MySQL connection established successfully!
2025-03-10 08:40:58,398 - INFO - Custom MySQL connection closed successfully.
2025-03-10 08:41:01,427 - INFO - Custom MySQL connection established successfully!
2025-03-10 08:41:01,438 - INFO - Custom MySQL connection closed successfully.
2025-03-10 08:43:01,031 - INFO - Custom MySQL connection established successfully!
2025-03-10 08:43:01,045 - INFO - Custom MySQL connection closed successfully.
2025-03-10 08:43:05,305 - INFO - Custom MySQL connection established successfully!
2025-03-10 08:43:05,310 - INFO - Custom MySQL connection closed successfully.
2025-03-10 08:43:08,258 - INFO - Custom MySQL connection established successfully!
2025-03-10 08:43:08,283 - INFO - Custom MySQL connection closed successfully.
2025-03-10 08:43:11,441 - INFO - Inside FetchDealerDetailsView!
2025-03-10 08:43:11,456 - INFO - Custom MySQL connection established successfully!
2025-03-10 08:43:11,456 - INFO - Inside fetch_dealer_details!
2025-03-10 08:43:11,463 - INFO - Custom MySQL connection closed successfully.
2025-03-10 08:49:59,826 - INFO - Inside FetchDealerDetailsView!
2025-03-10 08:49:59,860 - INFO - Custom MySQL connection established successfully!
2025-03-10 08:49:59,861 - INFO - Inside fetch_dealer_details!
2025-03-10 08:49:59,869 - INFO - Custom MySQL connection closed successfully.
2025-03-10 08:50:01,361 - INFO - Inside FetchDealerDetailsView!
2025-03-10 08:50:01,388 - INFO - Custom MySQL connection established successfully!
2025-03-10 08:50:01,388 - INFO - Inside fetch_dealer_details!
2025-03-10 08:50:01,395 - INFO - Custom MySQL connection closed successfully.
2025-03-10 08:50:01,668 - INFO - Inside FetchDealerDetailsView!
2025-03-10 08:50:01,690 - INFO - Custom MySQL connection established successfully!
2025-03-10 08:50:01,691 - INFO - Inside fetch_dealer_details!
2025-03-10 08:50:01,700 - INFO - Custom MySQL connection closed successfully.
2025-03-10 08:50:01,960 - INFO - Inside FetchDealerDetailsView!
2025-03-10 08:50:01,977 - INFO - Custom MySQL connection established successfully!
2025-03-10 08:50:01,978 - INFO - Inside fetch_dealer_details!
2025-03-10 08:50:01,985 - INFO - Custom MySQL connection closed successfully.
2025-03-10 08:50:02,260 - INFO - Inside FetchDealerDetailsView!
2025-03-10 08:50:02,282 - INFO - Custom MySQL connection established successfully!
2025-03-10 08:50:02,283 - INFO - Inside fetch_dealer_details!
2025-03-10 08:50:02,285 - INFO - Custom MySQL connection closed successfully.
2025-03-10 08:50:04,528 - INFO - Inside FetchDealerDetailsView!
2025-03-10 08:50:04,545 - INFO - Custom MySQL connection established successfully!
2025-03-10 08:50:04,546 - INFO - Inside fetch_dealer_details!
2025-03-10 08:50:04,549 - INFO - Custom MySQL connection closed successfully.
2025-03-10 08:50:20,415 - INFO - Inside FetchDealerDetailsView!
2025-03-10 08:50:20,435 - INFO - Custom MySQL connection established successfully!
2025-03-10 08:50:20,435 - INFO - Inside fetch_dealer_details!
2025-03-10 08:50:20,444 - INFO - Custom MySQL connection closed successfully.
2025-03-10 11:41:57,506 - INFO - Custom MySQL connection established successfully!
2025-03-10 11:41:57,525 - INFO - Custom MySQL connection closed successfully.
2025-03-10 11:42:41,805 - INFO - Custom MySQL connection established successfully!
2025-03-10 11:42:41,829 - INFO - Custom MySQL connection closed successfully.
2025-03-10 11:42:43,346 - INFO - Inside FetchDealerDetailsView!
2025-03-10 11:42:43,365 - INFO - Custom MySQL connection established successfully!
2025-03-10 11:42:43,365 - INFO - Inside fetch_dealer_details!
2025-03-10 11:42:43,372 - INFO - Custom MySQL connection closed successfully.
2025-03-10 11:43:04,126 - INFO - Custom MySQL connection established successfully!
2025-03-10 11:43:04,133 - INFO - Custom MySQL connection closed successfully.
2025-03-10 11:43:07,834 - INFO - Inside FetchDealerDetailsView!
2025-03-10 11:43:07,850 - INFO - Custom MySQL connection established successfully!
2025-03-10 11:43:07,852 - INFO - Inside fetch_dealer_details!
2025-03-10 11:43:07,860 - INFO - Custom MySQL connection closed successfully.
2025-03-10 11:43:29,592 - INFO - Custom MySQL connection established successfully!
2025-03-10 11:43:29,604 - INFO - Custom MySQL connection closed successfully.
2025-03-10 11:43:34,398 - INFO - Custom MySQL connection established successfully!
2025-03-10 11:43:34,405 - INFO - Custom MySQL connection closed successfully.
2025-03-10 11:44:50,479 - INFO - Custom MySQL connection established successfully!
2025-03-10 11:44:50,489 - INFO - Custom MySQL connection closed successfully.
2025-03-10 11:44:53,286 - INFO - Custom MySQL connection established successfully!
2025-03-10 11:44:53,292 - INFO - Custom MySQL connection closed successfully.
2025-03-10 11:44:58,976 - INFO - Custom MySQL connection established successfully!
2025-03-10 11:44:58,983 - INFO - Custom MySQL connection closed successfully.
2025-03-10 11:45:37,225 - INFO - Custom MySQL connection established successfully!
2025-03-10 11:45:37,234 - INFO - Custom MySQL connection closed successfully.
2025-03-10 11:45:48,540 - INFO - Custom MySQL connection established successfully!
2025-03-10 11:45:48,548 - INFO - Custom MySQL connection closed successfully.
2025-03-10 11:46:00,889 - INFO - Custom MySQL connection established successfully!
2025-03-10 11:46:00,894 - INFO - Custom MySQL connection closed successfully.
2025-03-10 11:46:03,467 - INFO - Custom MySQL connection established successfully!
2025-03-10 11:46:03,472 - INFO - Custom MySQL connection closed successfully.
2025-03-10 11:47:46,174 - INFO - Custom MySQL connection established successfully!
2025-03-10 11:47:46,182 - INFO - Custom MySQL connection closed successfully.
2025-03-10 11:47:47,581 - INFO - Custom MySQL connection established successfully!
2025-03-10 11:47:47,587 - INFO - Custom MySQL connection closed successfully.
2025-03-10 11:48:00,343 - INFO - Custom MySQL connection established successfully!
2025-03-10 11:48:00,356 - INFO - Custom MySQL connection closed successfully.
2025-03-10 11:48:03,031 - INFO - Custom MySQL connection established successfully!
2025-03-10 11:48:03,036 - INFO - Custom MySQL connection closed successfully.
2025-03-10 11:48:12,331 - INFO - Custom MySQL connection established successfully!
2025-03-10 11:48:12,341 - INFO - Custom MySQL connection closed successfully.
2025-03-10 11:48:57,138 - INFO - Custom MySQL connection established successfully!
2025-03-10 11:48:57,145 - INFO - Custom MySQL connection closed successfully.
2025-03-10 11:49:27,537 - INFO - Custom MySQL connection established successfully!
2025-03-10 11:49:27,542 - INFO - Custom MySQL connection closed successfully.
2025-03-10 11:49:37,307 - INFO - Custom MySQL connection established successfully!
2025-03-10 11:49:37,320 - INFO - Custom MySQL connection closed successfully.
2025-03-10 11:49:40,126 - INFO - Custom MySQL connection established successfully!
2025-03-10 11:49:40,131 - INFO - Custom MySQL connection closed successfully.
2025-03-10 11:49:41,007 - INFO - Custom MySQL connection established successfully!
2025-03-10 11:49:41,015 - INFO - Custom MySQL connection closed successfully.
2025-03-10 11:49:45,182 - INFO - Custom MySQL connection established successfully!
2025-03-10 11:49:45,188 - INFO - Custom MySQL connection closed successfully.
2025-03-10 11:49:48,167 - INFO - Custom MySQL connection established successfully!
2025-03-10 11:49:48,172 - INFO - Custom MySQL connection closed successfully.
2025-03-10 11:49:54,381 - INFO - Custom MySQL connection established successfully!
2025-03-10 11:49:54,392 - INFO - Custom MySQL connection closed successfully.
2025-03-10 11:49:58,421 - INFO - Custom MySQL connection established successfully!
2025-03-10 11:49:58,430 - INFO - Custom MySQL connection closed successfully.
2025-03-10 11:50:00,887 - INFO - Custom MySQL connection established successfully!
2025-03-10 11:50:00,891 - INFO - Custom MySQL connection closed successfully.
2025-03-10 11:50:07,386 - INFO - Custom MySQL connection established successfully!
2025-03-10 11:50:07,395 - INFO - Custom MySQL connection closed successfully.
2025-03-10 11:50:12,754 - INFO - Custom MySQL connection established successfully!
2025-03-10 11:50:12,758 - INFO - Custom MySQL connection closed successfully.
2025-03-10 11:50:15,128 - INFO - Custom MySQL connection established successfully!
2025-03-10 11:50:15,131 - INFO - Custom MySQL connection closed successfully.
2025-03-10 11:50:18,149 - INFO - Custom MySQL connection established successfully!
2025-03-10 11:50:18,153 - INFO - Custom MySQL connection closed successfully.
2025-03-10 11:50:21,047 - INFO - Custom MySQL connection established successfully!
2025-03-10 11:50:21,055 - INFO - Custom MySQL connection closed successfully.
2025-03-10 11:50:34,446 - INFO - Custom MySQL connection established successfully!
2025-03-10 11:50:34,450 - INFO - Custom MySQL connection closed successfully.
2025-03-10 11:50:51,421 - INFO - Custom MySQL connection established successfully!
2025-03-10 11:50:51,425 - INFO - Custom MySQL connection closed successfully.
2025-03-10 11:50:57,289 - INFO - Custom MySQL connection established successfully!
2025-03-10 11:50:57,296 - INFO - Custom MySQL connection closed successfully.
2025-03-10 11:51:17,446 - INFO - Custom MySQL connection established successfully!
2025-03-10 11:51:17,454 - INFO - Custom MySQL connection closed successfully.
2025-03-10 11:51:24,241 - INFO - Custom MySQL connection established successfully!
2025-03-10 11:51:24,247 - INFO - Custom MySQL connection closed successfully.
2025-03-10 11:51:30,648 - INFO - Custom MySQL connection established successfully!
2025-03-10 11:51:30,654 - INFO - Custom MySQL connection closed successfully.
2025-03-10 11:51:44,052 - INFO - Custom MySQL connection established successfully!
2025-03-10 11:51:44,059 - INFO - Custom MySQL connection closed successfully.
2025-03-10 11:51:45,949 - INFO - Custom MySQL connection established successfully!
2025-03-10 11:51:45,952 - INFO - Custom MySQL connection closed successfully.
2025-03-10 11:51:47,886 - INFO - Custom MySQL connection established successfully!
2025-03-10 11:51:47,891 - INFO - Custom MySQL connection closed successfully.
2025-03-10 11:51:51,383 - INFO - Inside FetchDealerDetailsView!
2025-03-10 11:51:51,398 - INFO - Custom MySQL connection established successfully!
2025-03-10 11:51:51,399 - INFO - Inside fetch_dealer_details!
2025-03-10 11:51:51,402 - INFO - Custom MySQL connection closed successfully.
2025-03-10 11:52:13,538 - INFO - Custom MySQL connection established successfully!
2025-03-10 11:52:13,546 - INFO - Custom MySQL connection closed successfully.
2025-03-10 11:52:17,953 - INFO - Inside FetchDealerDetailsView!
2025-03-10 11:52:17,967 - INFO - Custom MySQL connection established successfully!
2025-03-10 11:52:17,967 - INFO - Inside fetch_dealer_details!
2025-03-10 11:52:17,973 - INFO - Custom MySQL connection closed successfully.
2025-03-10 11:53:41,778 - INFO - Custom MySQL connection established successfully!
2025-03-10 11:53:41,789 - INFO - Custom MySQL connection closed successfully.
2025-03-10 11:53:43,910 - INFO - Custom MySQL connection established successfully!
2025-03-10 11:53:43,919 - INFO - Custom MySQL connection closed successfully.
2025-03-10 11:53:44,963 - INFO - Custom MySQL connection established successfully!
2025-03-10 11:53:44,970 - INFO - Custom MySQL connection closed successfully.
2025-03-10 11:53:51,130 - INFO - Custom MySQL connection established successfully!
2025-03-10 11:53:51,133 - INFO - Custom MySQL connection closed successfully.
2025-03-10 11:53:55,428 - INFO - Inside FetchDealerDetailsView!
2025-03-10 11:53:55,442 - INFO - Custom MySQL connection established successfully!
2025-03-10 11:53:55,442 - INFO - Inside fetch_dealer_details!
2025-03-10 11:53:55,450 - INFO - Custom MySQL connection closed successfully.
2025-03-10 11:59:03,538 - INFO - Custom MySQL connection established successfully!
2025-03-10 11:59:03,541 - INFO - Custom MySQL connection closed successfully.
2025-03-10 11:59:47,331 - INFO - Inside FetchDealerDetailsView!
2025-03-10 11:59:47,351 - INFO - Custom MySQL connection established successfully!
2025-03-10 11:59:47,353 - INFO - Inside fetch_dealer_details!
2025-03-10 11:59:47,357 - INFO - Custom MySQL connection closed successfully.
2025-03-10 12:02:06,578 - INFO - Custom MySQL connection established successfully!
2025-03-10 12:02:06,584 - INFO - Custom MySQL connection closed successfully.
2025-03-10 12:02:12,147 - INFO - Custom MySQL connection established successfully!
2025-03-10 12:02:12,154 - INFO - Custom MySQL connection closed successfully.
2025-03-10 12:02:16,971 - INFO - Custom MySQL connection established successfully!
2025-03-10 12:02:16,978 - INFO - Custom MySQL connection closed successfully.
2025-03-10 12:02:56,821 - INFO - Inside FetchDealerDetailsView!
2025-03-10 12:02:56,840 - INFO - Custom MySQL connection established successfully!
2025-03-10 12:02:56,840 - INFO - Inside fetch_dealer_details!
2025-03-10 12:02:56,846 - INFO - Custom MySQL connection closed successfully.
2025-03-10 12:05:21,542 - INFO - Inside FetchDealerDetailsView!
2025-03-10 12:05:21,563 - INFO - Custom MySQL connection established successfully!
2025-03-10 12:05:21,563 - INFO - Inside fetch_dealer_details!
2025-03-10 12:05:21,568 - INFO - Custom MySQL connection closed successfully.
2025-03-10 12:05:58,428 - INFO - Custom MySQL connection established successfully!
2025-03-10 12:05:58,437 - INFO - Custom MySQL connection closed successfully.
2025-03-10 12:06:00,134 - INFO - Custom MySQL connection established successfully!
2025-03-10 12:06:00,148 - INFO - Custom MySQL connection closed successfully.
2025-03-10 12:06:24,518 - INFO - Custom MySQL connection established successfully!
2025-03-10 12:06:24,529 - INFO - Custom MySQL connection closed successfully.
2025-03-10 12:06:33,443 - INFO - Custom MySQL connection established successfully!
2025-03-10 12:06:33,448 - INFO - Custom MySQL connection closed successfully.
2025-03-10 12:06:54,688 - INFO - Inside SignInUserView!
2025-03-10 12:06:54,704 - INFO - Custom MySQL connection established successfully!
2025-03-10 12:06:54,707 - INFO - Inside CustomAuthBackend!
2025-03-10 12:06:54,787 - INFO - User Authenticated...
2025-03-10 12:06:54,799 - INFO - SignInUserView END...
2025-03-10 12:06:54,801 - INFO - Custom MySQL connection closed successfully.
2025-03-10 12:06:54,871 - INFO - Custom MySQL connection established successfully!
2025-03-10 12:06:54,877 - INFO - Custom MySQL connection closed successfully.
2025-03-10 12:06:56,441 - INFO - Inside FetchDealerDetailsView!
2025-03-10 12:06:56,457 - INFO - Custom MySQL connection established successfully!
2025-03-10 12:06:56,457 - INFO - Inside fetch_dealer_details!
2025-03-10 12:06:56,465 - INFO - Custom MySQL connection closed successfully.
2025-03-10 12:07:25,474 - INFO - Custom MySQL connection established successfully!
2025-03-10 12:07:25,492 - INFO - Custom MySQL connection closed successfully.
2025-03-10 12:07:26,844 - INFO - Custom MySQL connection established successfully!
2025-03-10 12:07:26,876 - INFO - Custom MySQL connection closed successfully.
2025-03-10 12:07:28,013 - INFO - Inside FetchDealerDetailsView!
2025-03-10 12:07:28,032 - INFO - Custom MySQL connection established successfully!
2025-03-10 12:07:28,033 - INFO - Inside fetch_dealer_details!
2025-03-10 12:07:28,038 - INFO - Custom MySQL connection closed successfully.
2025-03-10 12:07:52,887 - INFO - Custom MySQL connection established successfully!
2025-03-10 12:07:52,891 - INFO - Custom MySQL connection closed successfully.
2025-03-10 12:07:54,547 - INFO - Inside FetchDealerDetailsView!
2025-03-10 12:07:54,563 - INFO - Custom MySQL connection established successfully!
2025-03-10 12:07:54,564 - INFO - Inside fetch_dealer_details!
2025-03-10 12:07:54,569 - INFO - Custom MySQL connection closed successfully.
2025-03-10 12:08:24,266 - INFO - Custom MySQL connection established successfully!
2025-03-10 12:08:24,270 - INFO - Custom MySQL connection closed successfully.
2025-03-10 12:08:28,393 - INFO - Custom MySQL connection established successfully!
2025-03-10 12:08:28,396 - INFO - Custom MySQL connection closed successfully.
2025-03-10 12:08:30,328 - INFO - Inside FetchDealerDetailsView!
2025-03-10 12:08:30,340 - INFO - Custom MySQL connection established successfully!
2025-03-10 12:08:30,342 - INFO - Inside fetch_dealer_details!
2025-03-10 12:08:30,345 - INFO - Custom MySQL connection closed successfully.
2025-03-10 12:09:59,126 - INFO - Custom MySQL connection established successfully!
2025-03-10 12:09:59,136 - INFO - Custom MySQL connection closed successfully.
2025-03-10 12:10:05,262 - INFO - Custom MySQL connection established successfully!
2025-03-10 12:10:05,269 - INFO - Custom MySQL connection closed successfully.
2025-03-10 12:10:17,517 - INFO - Custom MySQL connection established successfully!
2025-03-10 12:10:17,529 - INFO - Custom MySQL connection closed successfully.
2025-03-10 12:10:19,479 - INFO - Custom MySQL connection established successfully!
2025-03-10 12:10:19,482 - INFO - Custom MySQL connection closed successfully.
2025-03-10 12:10:52,276 - INFO - Custom MySQL connection established successfully!
2025-03-10 12:10:52,285 - INFO - Custom MySQL connection closed successfully.
2025-03-10 12:11:01,777 - INFO - Custom MySQL connection established successfully!
2025-03-10 12:11:01,780 - INFO - Custom MySQL connection closed successfully.
2025-03-10 12:11:04,244 - INFO - Custom MySQL connection established successfully!
2025-03-10 12:11:04,255 - INFO - Custom MySQL connection closed successfully.
2025-03-10 12:11:05,456 - INFO - Inside FetchDealerDetailsView!
2025-03-10 12:11:05,471 - INFO - Custom MySQL connection established successfully!
2025-03-10 12:11:05,473 - INFO - Inside fetch_dealer_details!
2025-03-10 12:11:05,475 - INFO - Custom MySQL connection closed successfully.
2025-03-10 12:11:31,022 - INFO - Custom MySQL connection established successfully!
2025-03-10 12:11:31,030 - INFO - Custom MySQL connection closed successfully.
2025-03-10 12:12:35,666 - INFO - Inside FetchDealerDetailsView!
2025-03-10 12:12:35,685 - INFO - Custom MySQL connection established successfully!
2025-03-10 12:12:35,687 - INFO - Inside fetch_dealer_details!
2025-03-10 12:12:35,692 - INFO - Custom MySQL connection closed successfully.
2025-03-10 12:16:43,469 - INFO - Custom MySQL connection established successfully!
2025-03-10 12:16:43,481 - INFO - Custom MySQL connection closed successfully.
2025-03-10 12:17:34,015 - INFO - Inside FetchDealerDetailsView!
2025-03-10 12:17:34,035 - INFO - Custom MySQL connection established successfully!
2025-03-10 12:17:34,036 - INFO - Inside fetch_dealer_details!
2025-03-10 12:17:34,039 - INFO - Custom MySQL connection closed successfully.
2025-03-10 12:18:13,648 - INFO - D:\Akshata\Food-Factory-Management-System\food_factory_backend\apps\users\views.py changed, reloading.
2025-03-10 12:18:24,198 - INFO - D:\Akshata\Food-Factory-Management-System\food_factory_backend\apps\users\views.py changed, reloading.
2025-03-10 12:19:01,842 - INFO - D:\Akshata\Food-Factory-Management-System\food_factory_backend\apps\users\views.py changed, reloading.
2025-03-10 12:19:06,671 - INFO - D:\Akshata\Food-Factory-Management-System\food_factory_backend\apps\users\views.py changed, reloading.
2025-03-10 12:19:17,257 - INFO - D:\Akshata\Food-Factory-Management-System\food_factory_backend\apps\users\views.py changed, reloading.
2025-03-10 12:19:47,906 - INFO - D:\Akshata\Food-Factory-Management-System\food_factory_backend\services\user\users.py changed, reloading.
2025-03-10 12:19:54,118 - INFO - D:\Akshata\Food-Factory-Management-System\food_factory_backend\services\user\users.py changed, reloading.
2025-03-10 12:20:03,961 - INFO - D:\Akshata\Food-Factory-Management-System\food_factory_backend\services\user\users.py changed, reloading.
2025-03-10 12:20:09,079 - INFO - D:\Akshata\Food-Factory-Management-System\food_factory_backend\services\user\users.py changed, reloading.
2025-03-10 12:20:14,160 - INFO - D:\Akshata\Food-Factory-Management-System\food_factory_backend\services\user\users.py changed, reloading.
2025-03-10 12:20:19,928 - INFO - D:\Akshata\Food-Factory-Management-System\food_factory_backend\services\user\users.py changed, reloading.
2025-03-10 12:20:53,747 - INFO - D:\Akshata\Food-Factory-Management-System\food_factory_backend\services\user\users.py changed, reloading.
2025-03-10 12:21:02,191 - INFO - D:\Akshata\Food-Factory-Management-System\food_factory_backend\services\user\users.py changed, reloading.
2025-03-10 12:21:18,813 - INFO - D:\Akshata\Food-Factory-Management-System\food_factory_backend\constants\queries.py changed, reloading.
2025-03-10 12:21:28,981 - INFO - D:\Akshata\Food-Factory-Management-System\food_factory_backend\constants\queries.py changed, reloading.
2025-03-10 12:21:34,039 - INFO - D:\Akshata\Food-Factory-Management-System\food_factory_backend\constants\queries.py changed, reloading.
2025-03-10 12:21:50,664 - INFO - D:\Akshata\Food-Factory-Management-System\food_factory_backend\constants\queries.py changed, reloading.
2025-03-10 12:21:55,738 - INFO - D:\Akshata\Food-Factory-Management-System\food_factory_backend\constants\queries.py changed, reloading.
2025-03-10 12:22:06,458 - INFO - D:\Akshata\Food-Factory-Management-System\food_factory_backend\constants\queries.py changed, reloading.
2025-03-10 12:22:36,548 - INFO - D:\Akshata\Food-Factory-Management-System\food_factory_backend\constants\queries.py changed, reloading.
2025-03-10 12:22:56,313 - INFO - D:\Akshata\Food-Factory-Management-System\food_factory_backend\services\user\users.py changed, reloading.
2025-03-10 12:23:02,856 - INFO - D:\Akshata\Food-Factory-Management-System\food_factory_backend\services\user\users.py changed, reloading.
2025-03-10 12:23:20,222 - INFO - D:\Akshata\Food-Factory-Management-System\food_factory_backend\services\user\users.py changed, reloading.
2025-03-10 12:23:25,708 - INFO - D:\Akshata\Food-Factory-Management-System\food_factory_backend\services\user\users.py changed, reloading.
2025-03-10 12:24:58,294 - INFO - D:\Akshata\Food-Factory-Management-System\food_factory_backend\services\user\users.py changed, reloading.
2025-03-10 12:25:11,075 - INFO - D:\Akshata\Food-Factory-Management-System\food_factory_backend\services\user\users.py changed, reloading.
2025-03-10 12:25:25,262 - INFO - D:\Akshata\Food-Factory-Management-System\food_factory_backend\services\user\users.py changed, reloading.
2025-03-10 12:26:18,381 - INFO - D:\Akshata\Food-Factory-Management-System\food_factory_backend\services\user\users.py changed, reloading.
2025-03-10 12:26:24,691 - INFO - D:\Akshata\Food-Factory-Management-System\food_factory_backend\services\user\users.py changed, reloading.
2025-03-10 12:26:29,711 - INFO - D:\Akshata\Food-Factory-Management-System\food_factory_backend\services\user\users.py changed, reloading.
2025-03-10 12:26:34,493 - INFO - D:\Akshata\Food-Factory-Management-System\food_factory_backend\services\user\users.py changed, reloading.
2025-03-10 12:26:39,586 - INFO - D:\Akshata\Food-Factory-Management-System\food_factory_backend\services\user\users.py changed, reloading.
2025-03-10 12:26:50,944 - INFO - D:\Akshata\Food-Factory-Management-System\food_factory_backend\services\user\users.py changed, reloading.
2025-03-10 12:26:55,750 - INFO - D:\Akshata\Food-Factory-Management-System\food_factory_backend\services\user\users.py changed, reloading.
2025-03-10 12:36:41,755 - INFO - D:\Akshata\Food-Factory-Management-System\food_factory_backend\services\user\users.py changed, reloading.
2025-03-10 12:37:01,389 - INFO - D:\Akshata\Food-Factory-Management-System\food_factory_backend\services\user\users.py changed, reloading.
2025-03-10 12:37:06,697 - INFO - D:\Akshata\Food-Factory-Management-System\food_factory_backend\services\user\users.py changed, reloading.
2025-03-10 12:37:11,769 - INFO - D:\Akshata\Food-Factory-Management-System\food_factory_backend\services\user\users.py changed, reloading.
2025-03-10 12:37:22,959 - INFO - D:\Akshata\Food-Factory-Management-System\food_factory_backend\services\user\users.py changed, reloading.
2025-03-10 12:37:27,862 - INFO - D:\Akshata\Food-Factory-Management-System\food_factory_backend\services\user\users.py changed, reloading.
2025-03-10 12:39:45,571 - INFO - D:\Akshata\Food-Factory-Management-System\food_factory_backend\services\user\users.py changed, reloading.
2025-03-10 12:39:55,735 - INFO - D:\Akshata\Food-Factory-Management-System\food_factory_backend\services\user\users.py changed, reloading.
2025-03-10 12:40:00,693 - INFO - D:\Akshata\Food-Factory-Management-System\food_factory_backend\services\user\users.py changed, reloading.
2025-03-10 12:40:05,630 - INFO - D:\Akshata\Food-Factory-Management-System\food_factory_backend\services\user\users.py changed, reloading.
2025-03-10 12:40:10,464 - INFO - D:\Akshata\Food-Factory-Management-System\food_factory_backend\services\user\users.py changed, reloading.
2025-03-10 12:40:15,192 - INFO - D:\Akshata\Food-Factory-Management-System\food_factory_backend\services\user\users.py changed, reloading.
2025-03-10 12:40:22,028 - INFO - D:\Akshata\Food-Factory-Management-System\food_factory_backend\services\user\users.py changed, reloading.
2025-03-10 12:40:26,692 - INFO - D:\Akshata\Food-Factory-Management-System\food_factory_backend\services\user\users.py changed, reloading.
2025-03-10 12:40:33,132 - INFO - D:\Akshata\Food-Factory-Management-System\food_factory_backend\services\user\users.py changed, reloading.
2025-03-10 12:40:41,006 - INFO - D:\Akshata\Food-Factory-Management-System\food_factory_backend\services\user\users.py changed, reloading.
2025-03-10 12:42:42,534 - INFO - D:\Akshata\Food-Factory-Management-System\food_factory_backend\services\user\users.py changed, reloading.
2025-03-10 12:43:17,752 - INFO - D:\Akshata\Food-Factory-Management-System\food_factory_backend\services\user\users.py changed, reloading.
2025-03-10 12:43:41,904 - INFO - D:\Akshata\Food-Factory-Management-System\food_factory_backend\services\user\users.py changed, reloading.
2025-03-10 12:43:45,610 - INFO - D:\Akshata\Food-Factory-Management-System\food_factory_backend\services\user\users.py changed, reloading.
2025-03-10 12:43:48,979 - INFO - D:\Akshata\Food-Factory-Management-System\food_factory_backend\services\user\users.py changed, reloading.
2025-03-10 12:43:56,819 - INFO - D:\Akshata\Food-Factory-Management-System\food_factory_backend\services\user\users.py changed, reloading.
2025-03-10 12:44:00,184 - INFO - D:\Akshata\Food-Factory-Management-System\food_factory_backend\services\user\users.py changed, reloading.
2025-03-10 12:44:03,522 - INFO - D:\Akshata\Food-Factory-Management-System\food_factory_backend\services\user\users.py changed, reloading.
2025-03-10 12:44:07,967 - INFO - D:\Akshata\Food-Factory-Management-System\food_factory_backend\services\user\users.py changed, reloading.
2025-03-10 12:44:23,939 - INFO - D:\Akshata\Food-Factory-Management-System\food_factory_backend\services\user\users.py changed, reloading.
2025-03-10 12:44:31,186 - INFO - D:\Akshata\Food-Factory-Management-System\food_factory_backend\services\user\users.py changed, reloading.
2025-03-10 12:44:41,169 - INFO - D:\Akshata\Food-Factory-Management-System\food_factory_backend\services\user\users.py changed, reloading.
2025-03-10 12:45:05,304 - INFO - D:\Akshata\Food-Factory-Management-System\food_factory_backend\services\user\users.py changed, reloading.
2025-03-10 12:45:14,184 - INFO - D:\Akshata\Food-Factory-Management-System\food_factory_backend\services\user\users.py changed, reloading.
2025-03-10 12:45:17,639 - INFO - D:\Akshata\Food-Factory-Management-System\food_factory_backend\services\user\users.py changed, reloading.
2025-03-10 12:45:21,082 - INFO - D:\Akshata\Food-Factory-Management-System\food_factory_backend\services\user\users.py changed, reloading.
2025-03-10 12:45:30,047 - INFO - D:\Akshata\Food-Factory-Management-System\food_factory_backend\services\user\users.py changed, reloading.
2025-03-10 12:45:38,837 - INFO - D:\Akshata\Food-Factory-Management-System\food_factory_backend\services\user\users.py changed, reloading.
2025-03-10 12:45:46,626 - INFO - D:\Akshata\Food-Factory-Management-System\food_factory_backend\services\user\users.py changed, reloading.
2025-03-10 12:45:57,714 - INFO - D:\Akshata\Food-Factory-Management-System\food_factory_backend\services\user\users.py changed, reloading.
2025-03-10 12:46:10,992 - INFO - D:\Akshata\Food-Factory-Management-System\food_factory_backend\services\user\users.py changed, reloading.
2025-03-10 12:46:15,701 - INFO - D:\Akshata\Food-Factory-Management-System\food_factory_backend\services\user\users.py changed, reloading.
2025-03-10 12:46:33,319 - INFO - D:\Akshata\Food-Factory-Management-System\food_factory_backend\services\user\users.py changed, reloading.
2025-03-10 12:46:45,648 - INFO - D:\Akshata\Food-Factory-Management-System\food_factory_backend\services\user\users.py changed, reloading.
2025-03-10 12:47:17,622 - INFO - D:\Akshata\Food-Factory-Management-System\food_factory_backend\services\user\users.py changed, reloading.
2025-03-10 12:47:23,287 - INFO - D:\Akshata\Food-Factory-Management-System\food_factory_backend\services\user\users.py changed, reloading.
2025-03-10 12:47:30,021 - INFO - D:\Akshata\Food-Factory-Management-System\food_factory_backend\services\user\users.py changed, reloading.
2025-03-10 12:47:47,912 - INFO - D:\Akshata\Food-Factory-Management-System\food_factory_backend\services\user\users.py changed, reloading.
2025-03-10 12:47:53,890 - INFO - D:\Akshata\Food-Factory-Management-System\food_factory_backend\services\user\users.py changed, reloading.
2025-03-10 12:47:59,910 - INFO - D:\Akshata\Food-Factory-Management-System\food_factory_backend\services\user\users.py changed, reloading.
2025-03-10 12:48:07,861 - INFO - D:\Akshata\Food-Factory-Management-System\food_factory_backend\services\user\users.py changed, reloading.
2025-03-10 12:49:35,130 - INFO - D:\Akshata\Food-Factory-Management-System\food_factory_backend\services\user\users.py changed, reloading.
2025-03-10 12:49:38,719 - INFO - D:\Akshata\Food-Factory-Management-System\food_factory_backend\services\user\users.py changed, reloading.
2025-03-10 12:49:49,795 - INFO - D:\Akshata\Food-Factory-Management-System\food_factory_backend\services\user\users.py changed, reloading.
2025-03-10 12:49:59,003 - INFO - D:\Akshata\Food-Factory-Management-System\food_factory_backend\services\user\users.py changed, reloading.
2025-03-10 12:50:44,455 - INFO - D:\Akshata\Food-Factory-Management-System\food_factory_backend\apps\users\views.py changed, reloading.
2025-03-10 12:50:54,785 - INFO - D:\Akshata\Food-Factory-Management-System\food_factory_backend\apps\users\views.py changed, reloading.
2025-03-10 12:51:03,894 - INFO - D:\Akshata\Food-Factory-Management-System\food_factory_backend\apps\users\views.py changed, reloading.
2025-03-10 12:51:08,417 - INFO - D:\Akshata\Food-Factory-Management-System\food_factory_backend\apps\users\views.py changed, reloading.
2025-03-10 12:51:15,231 - INFO - D:\Akshata\Food-Factory-Management-System\food_factory_backend\apps\users\views.py changed, reloading.
2025-03-10 12:51:26,516 - INFO - D:\Akshata\Food-Factory-Management-System\food_factory_backend\apps\users\views.py changed, reloading.
2025-03-10 12:51:32,664 - INFO - D:\Akshata\Food-Factory-Management-System\food_factory_backend\apps\users\views.py changed, reloading.
2025-03-10 12:51:39,377 - INFO - D:\Akshata\Food-Factory-Management-System\food_factory_backend\apps\users\views.py changed, reloading.
2025-03-10 12:51:43,894 - INFO - D:\Akshata\Food-Factory-Management-System\food_factory_backend\apps\users\views.py changed, reloading.
2025-03-10 12:51:49,731 - INFO - D:\Akshata\Food-Factory-Management-System\food_factory_backend\apps\users\views.py changed, reloading.
2025-03-10 12:51:56,589 - INFO - D:\Akshata\Food-Factory-Management-System\food_factory_backend\apps\users\views.py changed, reloading.
2025-03-10 12:52:26,407 - INFO - D:\Akshata\Food-Factory-Management-System\food_factory_backend\services\user\users.py changed, reloading.
2025-03-10 12:52:29,942 - INFO - D:\Akshata\Food-Factory-Management-System\food_factory_backend\services\user\users.py changed, reloading.
2025-03-10 12:52:33,466 - INFO - D:\Akshata\Food-Factory-Management-System\food_factory_backend\services\user\users.py changed, reloading.
2025-03-10 12:52:38,107 - INFO - D:\Akshata\Food-Factory-Management-System\food_factory_backend\services\user\users.py changed, reloading.
2025-03-10 12:53:14,199 - INFO - D:\Akshata\Food-Factory-Management-System\food_factory_backend\services\user\users.py changed, reloading.
2025-03-10 12:54:29,676 - INFO - D:\Akshata\Food-Factory-Management-System\food_factory_backend\services\user\users.py changed, reloading.
2025-03-10 12:54:33,265 - INFO - D:\Akshata\Food-Factory-Management-System\food_factory_backend\services\user\users.py changed, reloading.
2025-03-10 12:54:36,815 - INFO - D:\Akshata\Food-Factory-Management-System\food_factory_backend\services\user\users.py changed, reloading.
2025-03-10 12:54:41,403 - INFO - D:\Akshata\Food-Factory-Management-System\food_factory_backend\services\user\users.py changed, reloading.
2025-03-10 12:54:47,143 - INFO - D:\Akshata\Food-Factory-Management-System\food_factory_backend\services\user\users.py changed, reloading.
2025-03-10 12:54:50,653 - INFO - D:\Akshata\Food-Factory-Management-System\food_factory_backend\services\user\users.py changed, reloading.
2025-03-10 12:54:55,197 - INFO - D:\Akshata\Food-Factory-Management-System\food_factory_backend\services\user\users.py changed, reloading.
2025-03-10 12:55:14,828 - INFO - D:\Akshata\Food-Factory-Management-System\food_factory_backend\services\user\users.py changed, reloading.
2025-03-10 12:55:21,566 - INFO - D:\Akshata\Food-Factory-Management-System\food_factory_backend\services\user\users.py changed, reloading.
2025-03-10 12:55:26,349 - INFO - D:\Akshata\Food-Factory-Management-System\food_factory_backend\services\user\users.py changed, reloading.
2025-03-10 12:55:34,809 - INFO - D:\Akshata\Food-Factory-Management-System\food_factory_backend\services\user\users.py changed, reloading.
2025-03-10 12:55:39,321 - INFO - D:\Akshata\Food-Factory-Management-System\food_factory_backend\services\user\users.py changed, reloading.
2025-03-10 12:55:50,296 - INFO - D:\Akshata\Food-Factory-Management-System\food_factory_backend\services\user\users.py changed, reloading.
2025-03-10 12:56:00,213 - INFO - D:\Akshata\Food-Factory-Management-System\food_factory_backend\services\user\users.py changed, reloading.
2025-03-10 12:56:14,982 - INFO - D:\Akshata\Food-Factory-Management-System\food_factory_backend\services\user\users.py changed, reloading.
2025-03-10 12:56:23,778 - INFO - D:\Akshata\Food-Factory-Management-System\food_factory_backend\services\user\users.py changed, reloading.
2025-03-10 12:56:33,890 - INFO - D:\Akshata\Food-Factory-Management-System\food_factory_backend\services\user\users.py changed, reloading.
2025-03-10 12:57:08,785 - INFO - D:\Akshata\Food-Factory-Management-System\food_factory_backend\apps\users\views.py changed, reloading.
2025-03-10 12:57:34,846 - INFO - D:\Akshata\Food-Factory-Management-System\food_factory_backend\apps\users\urls.py changed, reloading.
2025-03-10 12:57:38,096 - INFO - D:\Akshata\Food-Factory-Management-System\food_factory_backend\apps\users\urls.py changed, reloading.
2025-03-10 12:57:43,652 - INFO - D:\Akshata\Food-Factory-Management-System\food_factory_backend\apps\users\urls.py changed, reloading.
2025-03-10 12:57:49,145 - INFO - D:\Akshata\Food-Factory-Management-System\food_factory_backend\apps\users\urls.py changed, reloading.
2025-03-10 12:57:53,714 - INFO - D:\Akshata\Food-Factory-Management-System\food_factory_backend\apps\users\urls.py changed, reloading.
2025-03-10 12:58:09,282 - INFO - D:\Akshata\Food-Factory-Management-System\food_factory_backend\apps\users\urls.py changed, reloading.
2025-03-10 12:58:18,341 - INFO - D:\Akshata\Food-Factory-Management-System\food_factory_backend\apps\users\urls.py changed, reloading.
2025-03-10 12:58:24,184 - INFO - D:\Akshata\Food-Factory-Management-System\food_factory_backend\apps\users\urls.py changed, reloading.
2025-03-10 12:58:27,617 - INFO - D:\Akshata\Food-Factory-Management-System\food_factory_backend\apps\users\urls.py changed, reloading.
2025-03-10 12:58:32,176 - INFO - D:\Akshata\Food-Factory-Management-System\food_factory_backend\apps\users\urls.py changed, reloading.
2025-03-10 13:00:44,370 - INFO - Inside UpdateDealerDetailsView!
2025-03-10 13:00:44,509 - INFO - Custom MySQL connection established successfully!
2025-03-10 13:00:44,511 - INFO - Inside update_dealer_details!
2025-03-10 13:00:44,511 - INFO - Update Query - 
    UPDATE dealerdetails SET 
mobile_no = %s WHERE user_id = %s
2025-03-10 13:00:44,552 - INFO - update_dealer_details END...
2025-03-10 13:00:44,554 - INFO - Dealer details updated successfully.
2025-03-10 13:00:44,555 - INFO - Custom MySQL connection closed successfully.
2025-03-10 13:01:42,911 - INFO - Custom MySQL connection established successfully!
2025-03-10 13:01:42,932 - INFO - Custom MySQL connection closed successfully.
2025-03-10 13:01:44,083 - INFO - Custom MySQL connection established successfully!
2025-03-10 13:01:44,089 - INFO - Custom MySQL connection closed successfully.
2025-03-10 13:02:21,365 - INFO - Custom MySQL connection established successfully!
2025-03-10 13:02:21,375 - INFO - Custom MySQL connection closed successfully.
2025-03-10 13:02:29,581 - INFO - Custom MySQL connection established successfully!
2025-03-10 13:02:29,585 - INFO - Custom MySQL connection closed successfully.
2025-03-10 13:02:37,136 - INFO - Custom MySQL connection established successfully!
2025-03-10 13:02:37,145 - INFO - Custom MySQL connection closed successfully.
2025-03-10 13:02:45,376 - INFO - Inside FetchDealerDetailsView!
2025-03-10 13:02:45,383 - INFO - Custom MySQL connection established successfully!
2025-03-10 13:02:45,383 - INFO - Inside fetch_dealer_details!
2025-03-10 13:02:45,386 - INFO - Custom MySQL connection closed successfully.
2025-03-10 13:03:28,674 - INFO - Custom MySQL connection established successfully!
2025-03-10 13:03:28,685 - INFO - Custom MySQL connection closed successfully.
2025-03-10 13:03:30,857 - INFO - Custom MySQL connection established successfully!
2025-03-10 13:03:30,866 - INFO - Custom MySQL connection closed successfully.
2025-03-10 13:03:31,753 - INFO - Custom MySQL connection established successfully!
2025-03-10 13:03:31,755 - INFO - Custom MySQL connection closed successfully.
2025-03-10 13:03:37,314 - INFO - Custom MySQL connection established successfully!
2025-03-10 13:03:37,329 - INFO - Custom MySQL connection closed successfully.
2025-03-10 13:03:38,575 - INFO - Inside FetchDealerDetailsView!
2025-03-10 13:03:38,588 - INFO - Custom MySQL connection established successfully!
2025-03-10 13:03:38,588 - INFO - Inside fetch_dealer_details!
2025-03-10 13:03:38,591 - INFO - Custom MySQL connection closed successfully.
2025-03-10 13:04:12,061 - INFO - Custom MySQL connection established successfully!
2025-03-10 13:04:12,069 - INFO - Custom MySQL connection closed successfully.
2025-03-10 13:04:15,466 - INFO - Custom MySQL connection established successfully!
2025-03-10 13:04:15,479 - INFO - Custom MySQL connection closed successfully.
2025-03-10 13:04:17,038 - INFO - Inside FetchDealerDetailsView!
2025-03-10 13:04:17,048 - INFO - Custom MySQL connection established successfully!
2025-03-10 13:04:17,048 - INFO - Inside fetch_dealer_details!
2025-03-10 13:04:17,052 - INFO - Custom MySQL connection closed successfully.
2025-03-10 13:04:35,766 - INFO - Custom MySQL connection established successfully!
2025-03-10 13:04:35,773 - INFO - Custom MySQL connection closed successfully.
2025-03-10 13:04:38,707 - INFO - Custom MySQL connection established successfully!
2025-03-10 13:04:38,714 - INFO - Custom MySQL connection closed successfully.
2025-03-10 13:04:44,878 - INFO - Custom MySQL connection established successfully!
2025-03-10 13:04:44,887 - INFO - Custom MySQL connection closed successfully.
2025-03-10 13:04:45,671 - INFO - Inside FetchDealerDetailsView!
2025-03-10 13:04:45,679 - INFO - Custom MySQL connection established successfully!
2025-03-10 13:04:45,679 - INFO - Inside fetch_dealer_details!
2025-03-10 13:04:45,685 - INFO - Custom MySQL connection closed successfully.
2025-03-10 13:07:49,075 - INFO - Custom MySQL connection established successfully!
2025-03-10 13:07:49,085 - INFO - Custom MySQL connection closed successfully.
2025-03-10 13:08:01,976 - INFO - Custom MySQL connection established successfully!
2025-03-10 13:08:01,980 - INFO - Custom MySQL connection closed successfully.
2025-03-10 13:08:05,132 - INFO - Custom MySQL connection established successfully!
2025-03-10 13:08:05,139 - INFO - Custom MySQL connection closed successfully.
2025-03-10 13:08:21,021 - INFO - Custom MySQL connection established successfully!
2025-03-10 13:08:21,031 - INFO - Custom MySQL connection closed successfully.
2025-03-10 13:08:34,929 - INFO - Custom MySQL connection established successfully!
2025-03-10 13:08:34,937 - INFO - Custom MySQL connection closed successfully.
2025-03-10 13:08:45,561 - INFO - Custom MySQL connection established successfully!
2025-03-10 13:08:45,565 - INFO - Custom MySQL connection closed successfully.
2025-03-10 13:08:49,759 - INFO - Custom MySQL connection established successfully!
2025-03-10 13:08:49,770 - INFO - Custom MySQL connection closed successfully.
2025-03-10 13:09:24,360 - INFO - Custom MySQL connection established successfully!
2025-03-10 13:09:24,368 - INFO - Custom MySQL connection closed successfully.
2025-03-10 13:09:27,815 - INFO - Custom MySQL connection established successfully!
2025-03-10 13:09:27,823 - INFO - Custom MySQL connection closed successfully.
2025-03-10 13:09:31,176 - INFO - Custom MySQL connection established successfully!
2025-03-10 13:09:31,183 - INFO - Custom MySQL connection closed successfully.
2025-03-10 13:09:39,358 - INFO - Custom MySQL connection established successfully!
2025-03-10 13:09:39,368 - INFO - Custom MySQL connection closed successfully.
2025-03-10 13:09:43,920 - INFO - Custom MySQL connection established successfully!
2025-03-10 13:09:43,923 - INFO - Custom MySQL connection closed successfully.
2025-03-10 13:09:54,155 - INFO - Custom MySQL connection established successfully!
2025-03-10 13:09:54,166 - INFO - Custom MySQL connection closed successfully.
2025-03-10 13:09:56,191 - INFO - Custom MySQL connection established successfully!
2025-03-10 13:09:56,197 - INFO - Custom MySQL connection closed successfully.
2025-03-10 13:09:58,886 - INFO - Custom MySQL connection established successfully!
2025-03-10 13:09:58,894 - INFO - Custom MySQL connection closed successfully.
2025-03-10 13:10:10,376 - INFO - Inside FetchDealerDetailsView!
2025-03-10 13:10:10,387 - INFO - Custom MySQL connection established successfully!
2025-03-10 13:10:10,388 - INFO - Inside fetch_dealer_details!
2025-03-10 13:10:10,393 - INFO - Custom MySQL connection closed successfully.
2025-03-10 13:10:29,080 - INFO - Inside UpdateDealerDetailsView!
2025-03-10 13:10:29,110 - INFO - Custom MySQL connection established successfully!
2025-03-10 13:10:29,113 - INFO - Inside update_dealer_details!
2025-03-10 13:10:29,115 - INFO - Update Query - 
    UPDATE dealerdetails SET 
mobile_no = %s WHERE user_id = %s
2025-03-10 13:10:29,125 - INFO - update_dealer_details END...
2025-03-10 13:10:29,126 - INFO - Dealer details updated successfully.
2025-03-10 13:10:29,127 - INFO - Custom MySQL connection closed successfully.
2025-03-10 13:12:01,869 - INFO - Custom MySQL connection established successfully!
2025-03-10 13:12:01,876 - INFO - Custom MySQL connection closed successfully.
2025-03-10 13:12:29,201 - INFO - Custom MySQL connection established successfully!
2025-03-10 13:12:29,209 - INFO - Custom MySQL connection closed successfully.
2025-03-10 13:12:31,987 - INFO - Custom MySQL connection established successfully!
2025-03-10 13:12:31,998 - INFO - Custom MySQL connection closed successfully.
2025-03-10 13:12:52,522 - INFO - Custom MySQL connection established successfully!
2025-03-10 13:12:52,535 - INFO - Custom MySQL connection closed successfully.
2025-03-10 13:12:56,936 - INFO - Custom MySQL connection established successfully!
2025-03-10 13:12:56,939 - INFO - Custom MySQL connection closed successfully.
2025-03-10 13:13:00,607 - INFO - Inside FetchDealerDetailsView!
2025-03-10 13:13:00,616 - INFO - Custom MySQL connection established successfully!
2025-03-10 13:13:00,617 - INFO - Inside fetch_dealer_details!
2025-03-10 13:13:00,622 - INFO - Custom MySQL connection closed successfully.
2025-03-10 13:13:12,226 - INFO - Inside UpdateDealerDetailsView!
2025-03-10 13:13:12,233 - INFO - Custom MySQL connection established successfully!
2025-03-10 13:13:12,234 - INFO - Inside update_dealer_details!
2025-03-10 13:13:12,234 - INFO - Update Query - 
    UPDATE dealerdetails SET 
mobile_no = %s WHERE user_id = %s
2025-03-10 13:13:12,241 - INFO - update_dealer_details END...
2025-03-10 13:13:12,241 - INFO - Dealer details updated successfully.
2025-03-10 13:13:12,242 - INFO - Custom MySQL connection closed successfully.
2025-03-10 13:13:48,331 - INFO - Inside UpdateDealerDetailsView!
2025-03-10 13:13:48,341 - INFO - Custom MySQL connection established successfully!
2025-03-10 13:13:48,342 - INFO - Inside update_dealer_details!
2025-03-10 13:13:48,342 - INFO - Update Query - 
    UPDATE dealerdetails SET 
mobile_no = %s WHERE user_id = %s
2025-03-10 13:13:48,359 - INFO - update_dealer_details END...
2025-03-10 13:13:48,359 - INFO - Dealer details updated successfully.
2025-03-10 13:13:48,360 - INFO - Custom MySQL connection closed successfully.
2025-03-10 13:14:43,377 - INFO - Custom MySQL connection established successfully!
2025-03-10 13:14:43,383 - INFO - Custom MySQL connection closed successfully.
2025-03-10 13:14:46,604 - INFO - Inside FetchDealerDetailsView!
2025-03-10 13:14:46,613 - INFO - Custom MySQL connection established successfully!
2025-03-10 13:14:46,614 - INFO - Inside fetch_dealer_details!
2025-03-10 13:14:46,619 - INFO - Custom MySQL connection closed successfully.
2025-03-10 13:15:20,647 - INFO - Inside UpdateDealerDetailsView!
2025-03-10 13:15:20,661 - INFO - Custom MySQL connection established successfully!
2025-03-10 13:15:20,662 - INFO - Inside update_dealer_details!
2025-03-10 13:15:20,663 - INFO - Update Query - 
    UPDATE dealerdetails SET 
shop_name = %s WHERE user_id = %s
2025-03-10 13:15:20,674 - INFO - update_dealer_details END...
2025-03-10 13:15:20,675 - INFO - Dealer details updated successfully.
2025-03-10 13:15:20,677 - INFO - Custom MySQL connection closed successfully.
2025-03-10 13:15:34,837 - INFO - Custom MySQL connection established successfully!
2025-03-10 13:15:34,841 - INFO - Custom MySQL connection closed successfully.
2025-03-10 13:15:37,300 - INFO - Custom MySQL connection established successfully!
2025-03-10 13:15:37,306 - INFO - Custom MySQL connection closed successfully.
2025-03-10 13:15:40,957 - INFO - Custom MySQL connection established successfully!
2025-03-10 13:15:40,963 - INFO - Custom MySQL connection closed successfully.
2025-03-10 13:15:52,386 - INFO - Custom MySQL connection established successfully!
2025-03-10 13:15:52,395 - INFO - Custom MySQL connection closed successfully.
2025-03-10 13:15:53,336 - INFO - Inside FetchDealerDetailsView!
2025-03-10 13:15:53,353 - INFO - Custom MySQL connection established successfully!
2025-03-10 13:15:53,354 - INFO - Inside fetch_dealer_details!
2025-03-10 13:15:53,356 - INFO - Custom MySQL connection closed successfully.
2025-03-10 13:16:03,276 - INFO - Inside UpdateDealerDetailsView!
2025-03-10 13:16:03,286 - INFO - Custom MySQL connection established successfully!
2025-03-10 13:16:03,288 - INFO - Inside update_dealer_details!
2025-03-10 13:16:03,289 - INFO - Update Query - 
    UPDATE dealerdetails SET 
mobile_no = %s WHERE user_id = %s
2025-03-10 13:16:03,295 - INFO - update_dealer_details END...
2025-03-10 13:16:03,297 - INFO - Dealer details updated successfully.
2025-03-10 13:16:03,298 - INFO - Custom MySQL connection closed successfully.
2025-03-10 13:16:25,192 - INFO - Custom MySQL connection established successfully!
2025-03-10 13:16:25,197 - INFO - Custom MySQL connection closed successfully.
2025-03-10 13:16:57,264 - INFO - Custom MySQL connection established successfully!
2025-03-10 13:16:57,270 - INFO - Custom MySQL connection closed successfully.
2025-03-10 13:17:01,904 - INFO - Custom MySQL connection established successfully!
2025-03-10 13:17:01,907 - INFO - Custom MySQL connection closed successfully.
2025-03-10 13:17:08,836 - INFO - Custom MySQL connection established successfully!
2025-03-10 13:17:08,838 - INFO - Custom MySQL connection closed successfully.
2025-03-10 13:17:22,333 - INFO - Custom MySQL connection established successfully!
2025-03-10 13:17:22,337 - INFO - Custom MySQL connection closed successfully.
2025-03-10 13:17:36,586 - INFO - Custom MySQL connection established successfully!
2025-03-10 13:17:36,592 - INFO - Custom MySQL connection closed successfully.
2025-03-10 13:17:46,999 - INFO - Custom MySQL connection established successfully!
2025-03-10 13:17:47,004 - INFO - Custom MySQL connection closed successfully.
2025-03-10 13:17:55,180 - INFO - Custom MySQL connection established successfully!
2025-03-10 13:17:55,182 - INFO - Custom MySQL connection closed successfully.
2025-03-10 13:17:56,796 - INFO - Custom MySQL connection established successfully!
2025-03-10 13:17:56,802 - INFO - Custom MySQL connection closed successfully.
2025-03-10 13:18:00,084 - INFO - Custom MySQL connection established successfully!
2025-03-10 13:18:00,092 - INFO - Custom MySQL connection closed successfully.
2025-03-10 13:18:16,780 - INFO - Custom MySQL connection established successfully!
2025-03-10 13:18:16,785 - INFO - Custom MySQL connection closed successfully.
2025-03-10 13:18:23,039 - INFO - Custom MySQL connection established successfully!
2025-03-10 13:18:23,042 - INFO - Custom MySQL connection closed successfully.
2025-03-10 13:18:25,927 - INFO - Custom MySQL connection established successfully!
2025-03-10 13:18:25,929 - INFO - Custom MySQL connection closed successfully.
2025-03-10 13:18:30,096 - INFO - Custom MySQL connection established successfully!
2025-03-10 13:18:30,100 - INFO - Custom MySQL connection closed successfully.
2025-03-10 13:18:38,030 - INFO - Custom MySQL connection established successfully!
2025-03-10 13:18:38,034 - INFO - Custom MySQL connection closed successfully.
2025-03-10 13:18:39,979 - INFO - Custom MySQL connection established successfully!
2025-03-10 13:18:39,987 - INFO - Custom MySQL connection closed successfully.
2025-03-10 13:18:41,821 - INFO - Custom MySQL connection established successfully!
2025-03-10 13:18:41,827 - INFO - Custom MySQL connection closed successfully.
2025-03-10 13:18:58,030 - INFO - Custom MySQL connection established successfully!
2025-03-10 13:18:58,036 - INFO - Custom MySQL connection closed successfully.
2025-03-10 13:19:00,056 - INFO - Custom MySQL connection established successfully!
2025-03-10 13:19:00,059 - INFO - Custom MySQL connection closed successfully.
2025-03-10 13:19:03,132 - INFO - Custom MySQL connection established successfully!
2025-03-10 13:19:03,140 - INFO - Custom MySQL connection closed successfully.
2025-03-10 13:19:04,578 - INFO - Inside FetchDealerDetailsView!
2025-03-10 13:19:04,594 - INFO - Custom MySQL connection established successfully!
2025-03-10 13:19:04,595 - INFO - Inside fetch_dealer_details!
2025-03-10 13:19:04,601 - INFO - Custom MySQL connection closed successfully.
2025-03-10 13:19:25,694 - INFO - Inside UpdateDealerDetailsView!
2025-03-10 13:19:25,707 - INFO - Custom MySQL connection established successfully!
2025-03-10 13:19:25,708 - INFO - Inside update_dealer_details!
2025-03-10 13:19:25,709 - INFO - Update Query - 
    UPDATE dealerdetails SET 
mobile_no = %s WHERE user_id = %s
2025-03-10 13:19:25,721 - INFO - update_dealer_details END...
2025-03-10 13:19:25,722 - INFO - Dealer details updated successfully.
2025-03-10 13:19:25,724 - INFO - Custom MySQL connection closed successfully.
2025-03-10 13:19:25,734 - INFO - Inside FetchDealerDetailsView!
2025-03-10 13:19:25,743 - INFO - Custom MySQL connection established successfully!
2025-03-10 13:19:25,743 - INFO - Inside fetch_dealer_details!
2025-03-10 13:19:25,746 - INFO - Custom MySQL connection closed successfully.
2025-03-10 13:19:52,794 - INFO - Custom MySQL connection established successfully!
2025-03-10 13:19:52,802 - INFO - Custom MySQL connection closed successfully.
2025-03-10 13:19:58,961 - INFO - Custom MySQL connection established successfully!
2025-03-10 13:19:58,966 - INFO - Custom MySQL connection closed successfully.
2025-03-10 13:20:05,964 - INFO - Custom MySQL connection established successfully!
2025-03-10 13:20:05,967 - INFO - Custom MySQL connection closed successfully.
2025-03-10 13:20:46,112 - INFO - Custom MySQL connection established successfully!
2025-03-10 13:20:46,114 - INFO - Custom MySQL connection closed successfully.
2025-03-10 13:20:48,258 - INFO - Custom MySQL connection established successfully!
2025-03-10 13:20:48,273 - INFO - Custom MySQL connection closed successfully.
2025-03-10 13:20:51,270 - INFO - Custom MySQL connection established successfully!
2025-03-10 13:20:51,278 - INFO - Custom MySQL connection closed successfully.
2025-03-10 13:21:05,787 - INFO - Custom MySQL connection established successfully!
2025-03-10 13:21:05,792 - INFO - Custom MySQL connection closed successfully.
2025-03-10 13:21:36,349 - INFO - Custom MySQL connection established successfully!
2025-03-10 13:21:36,354 - INFO - Custom MySQL connection closed successfully.
2025-03-10 13:21:39,185 - INFO - Custom MySQL connection established successfully!
2025-03-10 13:21:39,189 - INFO - Custom MySQL connection closed successfully.
2025-03-10 13:21:48,955 - INFO - Custom MySQL connection established successfully!
2025-03-10 13:21:48,966 - INFO - Custom MySQL connection closed successfully.
2025-03-10 13:21:51,794 - INFO - Custom MySQL connection established successfully!
2025-03-10 13:21:51,797 - INFO - Custom MySQL connection closed successfully.
2025-03-10 13:21:55,797 - INFO - Custom MySQL connection established successfully!
2025-03-10 13:21:55,799 - INFO - Custom MySQL connection closed successfully.
2025-03-10 13:21:59,241 - INFO - Inside FetchDealerDetailsView!
2025-03-10 13:21:59,253 - INFO - Custom MySQL connection established successfully!
2025-03-10 13:21:59,254 - INFO - Inside fetch_dealer_details!
2025-03-10 13:21:59,259 - INFO - Custom MySQL connection closed successfully.
2025-03-10 13:22:22,315 - INFO - Custom MySQL connection established successfully!
2025-03-10 13:22:22,320 - INFO - Custom MySQL connection closed successfully.
2025-03-10 13:22:24,332 - INFO - Inside FetchDealerDetailsView!
2025-03-10 13:22:24,352 - INFO - Custom MySQL connection established successfully!
2025-03-10 13:22:24,352 - INFO - Inside fetch_dealer_details!
2025-03-10 13:22:24,358 - INFO - Custom MySQL connection closed successfully.
2025-03-10 13:22:47,329 - INFO - Custom MySQL connection established successfully!
2025-03-10 13:22:47,332 - INFO - Custom MySQL connection closed successfully.
2025-03-10 13:22:51,044 - INFO - Custom MySQL connection established successfully!
2025-03-10 13:22:51,049 - INFO - Custom MySQL connection closed successfully.
2025-03-10 13:22:56,031 - INFO - Custom MySQL connection established successfully!
2025-03-10 13:22:56,039 - INFO - Custom MySQL connection closed successfully.
2025-03-10 13:22:59,809 - INFO - Custom MySQL connection established successfully!
2025-03-10 13:22:59,818 - INFO - Custom MySQL connection closed successfully.
2025-03-10 13:23:04,098 - INFO - Custom MySQL connection established successfully!
2025-03-10 13:23:04,102 - INFO - Custom MySQL connection closed successfully.
2025-03-10 13:23:08,532 - INFO - Custom MySQL connection established successfully!
2025-03-10 13:23:08,538 - INFO - Custom MySQL connection closed successfully.
2025-03-10 13:23:11,108 - INFO - Custom MySQL connection established successfully!
2025-03-10 13:23:11,116 - INFO - Custom MySQL connection closed successfully.
2025-03-10 13:23:14,301 - INFO - Custom MySQL connection established successfully!
2025-03-10 13:23:14,306 - INFO - Custom MySQL connection closed successfully.
2025-03-10 13:23:17,875 - INFO - Custom MySQL connection established successfully!
2025-03-10 13:23:17,885 - INFO - Custom MySQL connection closed successfully.
2025-03-10 13:23:21,867 - INFO - Custom MySQL connection established successfully!
2025-03-10 13:23:21,872 - INFO - Custom MySQL connection closed successfully.
2025-03-10 13:23:27,812 - INFO - Custom MySQL connection established successfully!
2025-03-10 13:23:27,814 - INFO - Custom MySQL connection closed successfully.
2025-03-10 13:23:31,973 - INFO - Custom MySQL connection established successfully!
2025-03-10 13:23:31,975 - INFO - Custom MySQL connection closed successfully.
2025-03-10 13:23:36,917 - INFO - Custom MySQL connection established successfully!
2025-03-10 13:23:36,921 - INFO - Custom MySQL connection closed successfully.
2025-03-10 13:23:40,297 - INFO - Inside FetchDealerDetailsView!
2025-03-10 13:23:40,307 - INFO - Custom MySQL connection established successfully!
2025-03-10 13:23:40,307 - INFO - Inside fetch_dealer_details!
2025-03-10 13:23:40,309 - INFO - Custom MySQL connection closed successfully.
2025-03-10 13:25:05,230 - INFO - Inside SignInUserView!
2025-03-10 13:25:05,237 - INFO - Custom MySQL connection established successfully!
2025-03-10 13:25:05,240 - INFO - Inside CustomAuthBackend!
2025-03-10 13:25:05,317 - INFO - User Authenticated...
2025-03-10 13:25:05,330 - INFO - SignInUserView END...
2025-03-10 13:25:05,331 - INFO - Custom MySQL connection closed successfully.
2025-03-10 13:25:05,386 - INFO - Custom MySQL connection established successfully!
2025-03-10 13:25:05,394 - INFO - Custom MySQL connection closed successfully.
2025-03-10 13:25:06,871 - INFO - Inside FetchDealerDetailsView!
2025-03-10 13:25:06,882 - INFO - Custom MySQL connection established successfully!
2025-03-10 13:25:06,882 - INFO - Inside fetch_dealer_details!
2025-03-10 13:25:06,884 - INFO - Custom MySQL connection closed successfully.
2025-03-10 13:25:32,754 - INFO - Custom MySQL connection established successfully!
2025-03-10 13:25:32,760 - INFO - Custom MySQL connection closed successfully.
2025-03-10 13:25:34,411 - INFO - Inside FetchDealerDetailsView!
2025-03-10 13:25:34,419 - INFO - Custom MySQL connection established successfully!
2025-03-10 13:25:34,420 - INFO - Inside fetch_dealer_details!
2025-03-10 13:25:34,423 - INFO - Custom MySQL connection closed successfully.
2025-03-10 13:25:55,794 - INFO - Custom MySQL connection established successfully!
2025-03-10 13:25:55,800 - INFO - Custom MySQL connection closed successfully.
2025-03-10 13:25:59,821 - INFO - Custom MySQL connection established successfully!
2025-03-10 13:25:59,823 - INFO - Custom MySQL connection closed successfully.
2025-03-10 13:26:02,817 - INFO - Custom MySQL connection established successfully!
2025-03-10 13:26:02,823 - INFO - Custom MySQL connection closed successfully.
2025-03-10 13:26:52,856 - INFO - Custom MySQL connection established successfully!
2025-03-10 13:26:52,858 - INFO - Custom MySQL connection closed successfully.
2025-03-10 13:26:58,432 - INFO - Inside FetchDealerDetailsView!
2025-03-10 13:26:58,441 - INFO - Custom MySQL connection established successfully!
2025-03-10 13:26:58,441 - INFO - Inside fetch_dealer_details!
2025-03-10 13:26:58,445 - INFO - Custom MySQL connection closed successfully.
2025-03-10 13:27:31,169 - INFO - Custom MySQL connection established successfully!
2025-03-10 13:27:31,176 - INFO - Custom MySQL connection closed successfully.
2025-03-10 13:27:34,823 - INFO - Custom MySQL connection established successfully!
2025-03-10 13:27:34,829 - INFO - Custom MySQL connection closed successfully.
2025-03-10 13:27:36,984 - INFO - Custom MySQL connection established successfully!
2025-03-10 13:27:36,989 - INFO - Custom MySQL connection closed successfully.
2025-03-10 17:05:06,380 - INFO - Custom MySQL connection established successfully!
2025-03-10 17:05:06,449 - INFO - Custom MySQL connection closed successfully.
2025-03-10 18:08:10,085 - INFO - Inside DBConfigView!
2025-03-10 18:08:10,231 - INFO - Custom MySQL connection established successfully!
2025-03-10 18:08:10,276 - INFO - Inside fetch_db_config_data!
2025-03-10 18:08:10,348 - INFO - DBConfigView END...
2025-03-10 18:08:10,363 - INFO - Custom MySQL connection closed successfully.
2025-03-10 18:08:49,155 - INFO - Custom MySQL connection established successfully!
2025-03-10 18:08:49,324 - INFO - Inside fetch_db_config_data!
2025-03-10 18:08:54,574 - INFO - Inside insert_dealer_details! user_id: 3
2025-03-10 18:08:54,600 - INFO - insert_dealer_details END...
2025-03-10 18:08:54,607 - INFO - Custom MySQL connection closed successfully.
2025-03-10 18:09:10,918 - INFO - Inside SignInUserView!
2025-03-10 18:09:10,958 - INFO - Custom MySQL connection established successfully!
2025-03-10 18:09:10,964 - INFO - Inside CustomAuthBackend!
2025-03-10 18:09:11,018 - INFO - User Authenticated...
2025-03-10 18:09:11,027 - INFO - SignInUserView END...
2025-03-10 18:09:11,029 - INFO - Custom MySQL connection closed successfully.
2025-03-10 18:09:11,100 - INFO - Custom MySQL connection established successfully!
2025-03-10 18:09:11,114 - INFO - Custom MySQL connection closed successfully.
2025-03-10 18:09:13,327 - INFO - Inside FetchDealerDetailsView!
2025-03-10 18:09:13,349 - INFO - Custom MySQL connection established successfully!
2025-03-10 18:09:13,350 - INFO - Inside fetch_dealer_details!
2025-03-10 18:09:13,381 - INFO - Custom MySQL connection closed successfully.
2025-03-10 18:09:47,590 - INFO - Inside UpdateDealerDetailsView!
2025-03-10 18:09:47,611 - INFO - Custom MySQL connection established successfully!
2025-03-10 18:09:47,613 - INFO - Inside update_dealer_details!
2025-03-10 18:09:47,616 - INFO - Update Query - 
    UPDATE dealerdetails SET 
mobile_no = %s WHERE user_id = %s
2025-03-10 18:09:47,640 - INFO - update_dealer_details END...
2025-03-10 18:09:47,642 - INFO - Dealer details updated successfully.
2025-03-10 18:09:47,645 - INFO - Custom MySQL connection closed successfully.
2025-03-10 18:09:47,666 - INFO - Inside FetchDealerDetailsView!
2025-03-10 18:09:47,681 - INFO - Custom MySQL connection established successfully!
2025-03-10 18:09:47,681 - INFO - Inside fetch_dealer_details!
2025-03-10 18:09:47,701 - INFO - Custom MySQL connection closed successfully.
2025-03-10 18:11:17,123 - INFO - Custom MySQL connection established successfully!
2025-03-10 18:11:17,234 - INFO - Custom MySQL connection closed successfully.
2025-03-10 18:11:19,283 - INFO - Inside FetchDealerDetailsView!
2025-03-10 18:11:19,315 - INFO - Custom MySQL connection established successfully!
2025-03-10 18:11:19,319 - INFO - Inside fetch_dealer_details!
2025-03-10 18:11:19,342 - INFO - Custom MySQL connection closed successfully.
2025-03-10 18:15:26,302 - INFO - Custom MySQL connection established successfully!
2025-03-10 18:15:26,339 - INFO - Custom MySQL connection closed successfully.
2025-03-10 18:16:06,982 - INFO - D:\Akshata\Food-Factory-Management-System\food_factory_backend\food_factory_backend\settings.py changed, reloading.
2025-03-10 19:19:21,304 - INFO - Inside UserInsertView
2025-03-10 19:19:21,690 - INFO - package: mysql.connector.plugins
2025-03-10 19:19:21,691 - INFO - plugin_name: caching_sha2_password
2025-03-10 19:19:21,691 - INFO - AUTHENTICATION_PLUGIN_CLASS: MySQLCachingSHA2PasswordAuthPlugin
2025-03-10 19:19:21,695 - INFO - Custom MySQL connection established successfully!
2025-03-10 19:19:22,468 - INFO - Inside fetch_db_config_data!
2025-03-10 19:19:28,311 - INFO - send_email_to_user END....
2025-03-10 19:19:28,871 - INFO - Custom MySQL connection closed successfully.
2025-03-10 19:20:03,884 - INFO - Inside SignInUserView!
2025-03-10 19:20:04,179 - INFO - Custom MySQL connection established successfully!
2025-03-10 19:20:04,181 - INFO - Inside CustomAuthBackend!
2025-03-10 19:20:04,187 - INFO - fetch_user_by_email! 
2025-03-10 19:20:04,198 - INFO - User Authenticated...
2025-03-10 19:20:04,202 - INFO - SignInUserView END...
2025-03-10 19:20:04,208 - INFO - Custom MySQL connection closed successfully.
2025-03-10 19:20:26,869 - INFO - Inside DBConfigView!
2025-03-10 19:20:27,114 - INFO - Custom MySQL connection established successfully!
2025-03-10 19:20:27,121 - INFO - Inside fetch_db_config_data!
2025-03-10 19:20:27,129 - INFO - DBConfigView END...
2025-03-10 19:20:27,134 - INFO - Custom MySQL connection closed successfully.
2025-03-10 19:20:27,179 - INFO - Inside UpdateDBConfigView!
2025-03-10 19:20:27,462 - INFO - Custom MySQL connection established successfully!
2025-03-10 19:20:27,464 - INFO - Inside update_db_config_data!
2025-03-10 19:20:27,476 - INFO - True
2025-03-10 19:20:27,480 - INFO - DB Config data updated successfully
2025-03-10 19:20:27,483 - INFO - Custom MySQL connection closed successfully.
2025-03-10 19:20:46,194 - INFO - Inside DBConfigView!
2025-03-10 19:20:46,524 - INFO - Custom MySQL connection established successfully!
2025-03-10 19:20:46,525 - INFO - Inside fetch_db_config_data!
2025-03-10 19:20:46,532 - INFO - DBConfigView END...
2025-03-10 19:20:46,536 - INFO - Custom MySQL connection closed successfully.
2025-03-10 19:22:46,559 - INFO - Inside UserInsertView
2025-03-10 19:22:46,874 - INFO - Custom MySQL connection established successfully!
2025-03-10 19:22:47,189 - INFO - Inside fetch_db_config_data!
2025-03-10 19:22:52,210 - INFO - send_email_to_user END....
2025-03-10 19:22:53,035 - INFO - Inside insert_dealer_details! user_id: 2
2025-03-10 19:22:53,048 - INFO - insert_dealer_details END...
2025-03-10 19:22:53,053 - INFO - Custom MySQL connection closed successfully.
2025-03-10 19:23:52,056 - INFO - Inside SignInUserView!
2025-03-10 19:23:52,303 - INFO - Custom MySQL connection established successfully!
2025-03-10 19:23:52,304 - INFO - Inside CustomAuthBackend!
2025-03-10 19:23:52,310 - INFO - fetch_user_by_email! 
2025-03-10 19:23:52,322 - INFO - User Authenticated...
2025-03-10 19:23:52,323 - INFO - SignInUserView END...
2025-03-10 19:23:52,325 - INFO - Custom MySQL connection closed successfully.
2025-03-10 19:23:52,754 - INFO - Custom MySQL connection established successfully!
2025-03-10 19:23:52,763 - INFO - Custom MySQL connection closed successfully.
2025-03-10 19:23:59,389 - INFO - Inside FetchDealerDetailsView!
2025-03-10 19:23:59,621 - INFO - Custom MySQL connection established successfully!
2025-03-10 19:23:59,621 - INFO - Inside fetch_dealer_details!
2025-03-10 19:23:59,629 - INFO - Custom MySQL connection closed successfully.
2025-03-10 19:24:11,103 - INFO - Inside UpdateDealerDetailsView!
2025-03-10 19:24:11,322 - INFO - Custom MySQL connection established successfully!
2025-03-10 19:24:11,325 - INFO - Inside update_dealer_details!
2025-03-10 19:24:11,329 - INFO - Update Query - 
    UPDATE dealerdetails SET 
mobile_no = %s WHERE user_id = %s
2025-03-10 19:24:11,341 - INFO - update_dealer_details END...
2025-03-10 19:24:11,345 - INFO - Dealer details updated successfully.
2025-03-10 19:24:11,349 - INFO - Custom MySQL connection closed successfully.
2025-03-10 19:24:11,380 - INFO - Inside FetchDealerDetailsView!
2025-03-10 19:24:11,671 - INFO - Custom MySQL connection established successfully!
2025-03-10 19:24:11,672 - INFO - Inside fetch_dealer_details!
2025-03-10 19:24:11,682 - INFO - Custom MySQL connection closed successfully.
2025-03-10 19:24:29,532 - INFO - Inside UpdateDealerDetailsView!
2025-03-10 19:24:29,777 - INFO - Custom MySQL connection established successfully!
2025-03-10 19:24:29,778 - INFO - Inside update_dealer_details!
2025-03-10 19:24:29,779 - INFO - Update Query - 
    UPDATE dealerdetails SET 
mobile_no = %s WHERE user_id = %s
2025-03-10 19:24:29,789 - INFO - update_dealer_details END...
2025-03-10 19:24:29,791 - INFO - Dealer details updated successfully.
2025-03-10 19:24:29,793 - INFO - Custom MySQL connection closed successfully.
2025-03-10 19:24:29,864 - INFO - Inside FetchDealerDetailsView!
2025-03-10 19:24:30,191 - INFO - Custom MySQL connection established successfully!
2025-03-10 19:24:30,194 - INFO - Inside fetch_dealer_details!
2025-03-10 19:24:30,202 - INFO - Custom MySQL connection closed successfully.
2025-03-10 19:30:16,125 - INFO - Inside FetchDealerDetailsView!
2025-03-10 19:30:16,393 - INFO - Custom MySQL connection established successfully!
2025-03-10 19:30:16,394 - INFO - Inside fetch_dealer_details!
2025-03-10 19:30:16,403 - INFO - Custom MySQL connection closed successfully.
2025-03-10 19:38:32,149 - INFO - Inside FetchDealerDetailsView!
2025-03-10 19:38:32,350 - INFO - Custom MySQL connection established successfully!
2025-03-10 19:38:32,351 - INFO - Inside fetch_dealer_details!
2025-03-10 19:38:32,355 - INFO - Custom MySQL connection closed successfully.
2025-03-10 22:43:55,563 - INFO - Inside DBConfigView!
2025-03-10 22:43:55,867 - INFO - Custom MySQL connection established successfully!
2025-03-10 22:43:55,870 - INFO - Inside fetch_db_config_data!
2025-03-10 22:43:55,882 - INFO - DBConfigView END...
2025-03-10 22:43:55,887 - INFO - Custom MySQL connection closed successfully.
2025-03-10 22:44:01,789 - INFO - Inside SignInUserView!
2025-03-10 22:44:01,958 - INFO - Custom MySQL connection established successfully!
2025-03-10 22:44:01,958 - INFO - Inside CustomAuthBackend!
2025-03-10 22:44:01,960 - INFO - fetch_user_by_email! 
2025-03-10 22:44:01,972 - INFO - User Authenticated...
2025-03-10 22:44:01,977 - INFO - SignInUserView END...
2025-03-10 22:44:01,979 - INFO - Custom MySQL connection closed successfully.
2025-03-10 22:44:02,308 - INFO - Custom MySQL connection established successfully!
2025-03-10 22:44:02,320 - INFO - Custom MySQL connection closed successfully.
2025-03-10 22:44:04,621 - INFO - Inside FetchDealerDetailsView!
2025-03-10 22:44:04,828 - INFO - Custom MySQL connection established successfully!
2025-03-10 22:44:04,829 - INFO - Inside fetch_dealer_details!
2025-03-10 22:44:04,838 - INFO - Custom MySQL connection closed successfully.
2025-03-10 22:47:02,890 - INFO - Custom MySQL connection established successfully!
2025-03-10 22:47:02,897 - INFO - Custom MySQL connection closed successfully.
2025-03-10 22:47:21,744 - INFO - Inside FetchDealerDetailsView!
2025-03-10 22:47:22,047 - INFO - Custom MySQL connection established successfully!
2025-03-10 22:47:22,057 - INFO - Inside fetch_dealer_details!
2025-03-10 22:47:22,072 - INFO - Custom MySQL connection closed successfully.
2025-03-10 22:49:41,205 - INFO - Custom MySQL connection established successfully!
2025-03-10 22:49:41,212 - INFO - Custom MySQL connection closed successfully.
2025-03-10 22:49:50,524 - INFO - Inside FetchDealerDetailsView!
2025-03-10 22:49:50,852 - INFO - Custom MySQL connection established successfully!
2025-03-10 22:49:50,854 - INFO - Inside fetch_dealer_details!
2025-03-10 22:49:50,863 - INFO - Custom MySQL connection closed successfully.
2025-03-10 22:49:51,782 - INFO - Inside FetchDealerDetailsView!
2025-03-10 22:49:52,066 - INFO - Custom MySQL connection established successfully!
2025-03-10 22:49:52,068 - INFO - Inside fetch_dealer_details!
2025-03-10 22:49:52,078 - INFO - Custom MySQL connection closed successfully.
2025-03-10 22:51:30,099 - INFO - Custom MySQL connection established successfully!
2025-03-10 22:51:30,108 - INFO - Custom MySQL connection closed successfully.
2025-03-10 22:51:49,677 - INFO - Custom MySQL connection established successfully!
2025-03-10 22:51:49,699 - INFO - Custom MySQL connection closed successfully.
2025-03-10 22:53:18,021 - INFO - D:\Food Factory\food_factory_backend\apps\users\views.py changed, reloading.
2025-03-11 20:41:27,814 - INFO - D:\Food Factory\food_factory_backend\services\user\users.py changed, reloading.
2025-03-11 20:41:46,382 - INFO - D:\Food Factory\food_factory_backend\services\user\users.py changed, reloading.
2025-03-11 20:44:18,704 - INFO - D:\Food Factory\food_factory_backend\services\user\users.py changed, reloading.
2025-03-11 20:44:49,989 - INFO - D:\Food Factory\food_factory_backend\services\user\users.py changed, reloading.
2025-03-11 20:45:11,158 - INFO - D:\Food Factory\food_factory_backend\constants\constant.py changed, reloading.
2025-03-11 20:45:26,923 - INFO - D:\Food Factory\food_factory_backend\constants\constant.py changed, reloading.
2025-03-11 20:45:40,909 - INFO - D:\Food Factory\food_factory_backend\constants\constant.py changed, reloading.
2025-03-11 20:46:09,061 - INFO - D:\Food Factory\food_factory_backend\constants\constant.py changed, reloading.
2025-03-11 20:46:22,980 - INFO - D:\Food Factory\food_factory_backend\constants\constant.py changed, reloading.
2025-03-11 20:46:37,285 - INFO - D:\Food Factory\food_factory_backend\constants\constant.py changed, reloading.
2025-03-11 20:46:56,570 - INFO - D:\Food Factory\food_factory_backend\constants\constant.py changed, reloading.
2025-03-11 20:48:52,224 - INFO - D:\Food Factory\food_factory_backend\constants\constant.py changed, reloading.
2025-03-11 20:49:04,811 - INFO - D:\Food Factory\food_factory_backend\constants\constant.py changed, reloading.
2025-03-11 20:49:18,889 - INFO - D:\Food Factory\food_factory_backend\constants\constant.py changed, reloading.
2025-03-11 20:49:46,537 - INFO - D:\Food Factory\food_factory_backend\constants\constant.py changed, reloading.
2025-03-11 20:50:04,824 - INFO - D:\Food Factory\food_factory_backend\constants\constant.py changed, reloading.
2025-03-11 20:50:36,900 - INFO - D:\Food Factory\food_factory_backend\services\user\users.py changed, reloading.
2025-03-11 20:50:54,601 - INFO - D:\Food Factory\food_factory_backend\services\user\users.py changed, reloading.
2025-03-11 20:51:24,782 - INFO - D:\Food Factory\food_factory_backend\services\user\users.py changed, reloading.
2025-03-11 20:51:56,165 - INFO - D:\Food Factory\food_factory_backend\services\user\users.py changed, reloading.
2025-03-11 20:52:27,728 - INFO - D:\Food Factory\food_factory_backend\constants\queries.py changed, reloading.
2025-03-11 20:52:40,650 - INFO - D:\Food Factory\food_factory_backend\constants\queries.py changed, reloading.
2025-03-11 20:52:57,625 - INFO - D:\Food Factory\food_factory_backend\constants\queries.py changed, reloading.
2025-03-11 20:53:45,701 - INFO - D:\Food Factory\food_factory_backend\constants\queries.py changed, reloading.
2025-03-11 20:53:58,822 - INFO - D:\Food Factory\food_factory_backend\constants\queries.py changed, reloading.
2025-03-11 20:54:37,637 - INFO - D:\Food Factory\food_factory_backend\services\user\users.py changed, reloading.
2025-03-11 20:56:01,522 - INFO - D:\Food Factory\food_factory_backend\services\user\users.py changed, reloading.
2025-03-11 20:56:18,787 - INFO - D:\Food Factory\food_factory_backend\services\user\users.py changed, reloading.
2025-03-11 20:57:11,950 - INFO - D:\Food Factory\food_factory_backend\services\user\users.py changed, reloading.
2025-03-11 20:58:18,736 - INFO - D:\Food Factory\food_factory_backend\services\user\users.py changed, reloading.
2025-03-11 20:58:43,471 - INFO - D:\Food Factory\food_factory_backend\services\user\users.py changed, reloading.
2025-03-11 20:58:56,561 - INFO - D:\Food Factory\food_factory_backend\services\user\users.py changed, reloading.
2025-03-11 20:59:45,913 - INFO - D:\Food Factory\food_factory_backend\services\user\users.py changed, reloading.
2025-03-11 21:00:09,999 - INFO - D:\Food Factory\food_factory_backend\services\user\users.py changed, reloading.
2025-03-11 21:01:52,810 - INFO - Inside SignInUserView!
2025-03-11 21:01:53,131 - INFO - package: mysql.connector.plugins
2025-03-11 21:01:53,134 - INFO - plugin_name: caching_sha2_password
2025-03-11 21:01:53,135 - INFO - AUTHENTICATION_PLUGIN_CLASS: MySQLCachingSHA2PasswordAuthPlugin
2025-03-11 21:01:53,144 - INFO - Custom MySQL connection established successfully!
2025-03-11 21:01:53,145 - INFO - Inside CustomAuthBackend!
2025-03-11 21:01:53,149 - INFO - fetch_user_by_email! 
2025-03-11 21:01:53,225 - INFO - User Authenticated...
2025-03-11 21:01:53,227 - INFO - SignInUserView END...
2025-03-11 21:01:53,232 - INFO - Custom MySQL connection closed successfully.
2025-03-11 21:01:53,698 - INFO - Custom MySQL connection established successfully!
2025-03-11 21:01:53,716 - INFO - Custom MySQL connection closed successfully.
2025-03-11 21:02:08,142 - INFO - Inside FetchDealerDetailsView!
2025-03-11 21:02:08,428 - INFO - Custom MySQL connection established successfully!
2025-03-11 21:02:08,429 - INFO - Inside fetch_dealer_details!
2025-03-11 21:02:08,436 - INFO - Custom MySQL connection closed successfully.
2025-03-11 21:03:18,634 - INFO - Inside UpdateDealerDetailsView!
2025-03-11 21:03:18,835 - INFO - Custom MySQL connection established successfully!
2025-03-11 21:03:18,836 - INFO - Inside update_dealer_details!
2025-03-11 21:03:18,837 - INFO - Inside update_user_data!
2025-03-11 21:03:18,838 - INFO - Update Query - 
    UPDATE users SET

username = %s WHERE id = %s
2025-03-11 21:03:18,859 - INFO - update_user_data END...
2025-03-11 21:03:18,860 - INFO - Update Query - 
    UPDATE dealerdetails SET 
None = %s WHERE user_id = %s
2025-03-11 21:03:18,866 - ERROR - Error updating dealer details: 1054 (42S22): Unknown column 'None' in 'field list'
2025-03-11 21:03:18,871 - INFO - Custom MySQL connection closed successfully.
2025-03-11 21:03:19,022 - ERROR - Internal Server Error: /user/updateDealerDetails/
Traceback (most recent call last):
  File "C:\Users\Ovi Computers\AppData\Roaming\Python\Python312\site-packages\django\core\handlers\exception.py", line 55, in inner
    response = get_response(request)
               ^^^^^^^^^^^^^^^^^^^^^
  File "C:\Users\Ovi Computers\AppData\Roaming\Python\Python312\site-packages\django\core\handlers\base.py", line 197, in _get_response
    response = wrapped_callback(request, *callback_args, **callback_kwargs)
               ^^^^^^^^^^^^^^^^^^^^^^^^^^^^^^^^^^^^^^^^^^^^^^^^^^^^^^^^^^^^
  File "C:\Users\Ovi Computers\AppData\Roaming\Python\Python312\site-packages\django\views\decorators\csrf.py", line 65, in _view_wrapper
    return view_func(request, *args, **kwargs)
           ^^^^^^^^^^^^^^^^^^^^^^^^^^^^^^^^^^^
  File "C:\Users\Ovi Computers\AppData\Roaming\Python\Python312\site-packages\django\views\generic\base.py", line 104, in view
    return self.dispatch(request, *args, **kwargs)
           ^^^^^^^^^^^^^^^^^^^^^^^^^^^^^^^^^^^^^^^
  File "C:\Users\Ovi Computers\AppData\Roaming\Python\Python312\site-packages\rest_framework\views.py", line 511, in dispatch
    self.response = self.finalize_response(request, response, *args, **kwargs)
                    ^^^^^^^^^^^^^^^^^^^^^^^^^^^^^^^^^^^^^^^^^^^^^^^^^^^^^^^^^^
  File "C:\Users\Ovi Computers\AppData\Roaming\Python\Python312\site-packages\rest_framework\views.py", line 423, in finalize_response
    assert isinstance(response, HttpResponseBase), (
AssertionError: Expected a `Response`, `HttpResponse` or `StreamingHttpResponse` to be returned from the view, but received a `<class 'NoneType'>`
2025-03-11 21:04:56,981 - INFO - Custom MySQL connection established successfully!
2025-03-11 21:04:56,992 - INFO - Custom MySQL connection closed successfully.
2025-03-11 21:05:01,112 - INFO - Inside FetchDealerDetailsView!
2025-03-11 21:05:01,350 - INFO - Custom MySQL connection established successfully!
2025-03-11 21:05:01,354 - INFO - Inside fetch_dealer_details!
2025-03-11 21:05:01,363 - INFO - Custom MySQL connection closed successfully.
2025-03-11 21:07:33,523 - INFO - D:\Food Factory\food_factory_backend\services\user\users.py changed, reloading.
2025-03-11 21:30:14,256 - INFO - D:\Akshata\Food-Factory-Management-System\food_factory_backend\food_factory_backend\settings.py changed, reloading.
2025-03-11 21:30:27,396 - INFO - Custom MySQL connection established successfully!
2025-03-11 21:30:27,412 - INFO - Custom MySQL connection closed successfully.
2025-03-11 21:30:28,030 - INFO - Inside FetchDealerDetailsView!
2025-03-11 21:30:28,051 - INFO - Custom MySQL connection established successfully!
2025-03-11 21:30:28,053 - INFO - Inside fetch_dealer_details!
2025-03-11 21:30:28,074 - INFO - Custom MySQL connection closed successfully.
2025-03-11 21:32:13,614 - INFO - Custom MySQL connection established successfully!
2025-03-11 21:32:13,632 - INFO - Custom MySQL connection closed successfully.
2025-03-11 21:32:15,838 - INFO - Inside FetchDealerDetailsView!
2025-03-11 21:32:15,866 - INFO - Custom MySQL connection established successfully!
2025-03-11 21:32:15,866 - INFO - Inside fetch_dealer_details!
2025-03-11 21:32:15,872 - INFO - Custom MySQL connection closed successfully.
2025-03-11 21:32:27,433 - INFO - Inside UpdateDealerDetailsView!
2025-03-11 21:32:27,486 - INFO - Custom MySQL connection established successfully!
2025-03-11 21:32:27,488 - INFO - Inside update_dealer_details!
2025-03-11 21:32:27,491 - INFO - Inside update_user_data!
2025-03-11 21:32:27,494 - INFO - Update Query - 
    UPDATE users SET

 username = %s WHERE id = %s
2025-03-11 21:32:27,648 - INFO - update_user_data END...
2025-03-11 21:32:27,650 - INFO - Dealer details updated successfully.
2025-03-11 21:32:27,651 - INFO - Custom MySQL connection closed successfully.
2025-03-11 21:32:27,676 - INFO - Inside FetchDealerDetailsView!
2025-03-11 21:32:27,705 - INFO - Custom MySQL connection established successfully!
2025-03-11 21:32:27,708 - INFO - Inside fetch_dealer_details!
2025-03-11 21:32:27,723 - INFO - Custom MySQL connection closed successfully.
2025-03-11 21:32:51,412 - INFO - Custom MySQL connection established successfully!
2025-03-11 21:32:51,419 - INFO - Custom MySQL connection closed successfully.
2025-03-11 21:32:53,754 - INFO - Custom MySQL connection established successfully!
2025-03-11 21:32:53,771 - INFO - Custom MySQL connection closed successfully.
2025-03-11 21:34:03,616 - INFO - D:\Akshata\Food-Factory-Management-System\food_factory_backend\services\user\users.py changed, reloading.
2025-03-11 21:34:10,790 - INFO - D:\Akshata\Food-Factory-Management-System\food_factory_backend\services\user\users.py changed, reloading.
2025-03-11 21:34:21,913 - INFO - Custom MySQL connection established successfully!
2025-03-11 21:34:21,926 - INFO - Custom MySQL connection closed successfully.
2025-03-11 21:34:30,043 - INFO - Inside FetchDealerDetailsView!
2025-03-11 21:34:30,056 - INFO - Custom MySQL connection established successfully!
2025-03-11 21:34:30,057 - INFO - Inside fetch_dealer_details!
2025-03-11 21:34:30,079 - INFO - Custom MySQL connection closed successfully.
2025-03-11 21:35:35,178 - INFO - D:\Akshata\Food-Factory-Management-System\food_factory_backend\constants\queries.py changed, reloading.
2025-03-11 21:35:40,526 - INFO - D:\Akshata\Food-Factory-Management-System\food_factory_backend\constants\queries.py changed, reloading.
2025-03-11 21:35:45,753 - INFO - D:\Akshata\Food-Factory-Management-System\food_factory_backend\constants\queries.py changed, reloading.
2025-03-11 21:35:53,831 - INFO - D:\Akshata\Food-Factory-Management-System\food_factory_backend\constants\queries.py changed, reloading.
2025-03-11 21:36:11,767 - INFO - D:\Akshata\Food-Factory-Management-System\food_factory_backend\services\user\users.py changed, reloading.
2025-03-11 21:36:35,527 - INFO - D:\Akshata\Food-Factory-Management-System\food_factory_backend\services\user\users.py changed, reloading.
2025-03-11 21:36:41,189 - INFO - D:\Akshata\Food-Factory-Management-System\food_factory_backend\services\user\users.py changed, reloading.
2025-03-11 21:36:46,570 - INFO - D:\Akshata\Food-Factory-Management-System\food_factory_backend\services\user\users.py changed, reloading.
2025-03-11 21:36:51,759 - INFO - D:\Akshata\Food-Factory-Management-System\food_factory_backend\services\user\users.py changed, reloading.
2025-03-11 21:37:01,438 - INFO - D:\Akshata\Food-Factory-Management-System\food_factory_backend\services\user\users.py changed, reloading.
2025-03-11 21:37:06,772 - INFO - D:\Akshata\Food-Factory-Management-System\food_factory_backend\services\user\users.py changed, reloading.
2025-03-11 21:37:33,634 - INFO - D:\Akshata\Food-Factory-Management-System\food_factory_backend\services\user\users.py changed, reloading.
2025-03-11 21:37:38,609 - INFO - D:\Akshata\Food-Factory-Management-System\food_factory_backend\services\user\users.py changed, reloading.
2025-03-11 21:37:44,783 - INFO - D:\Akshata\Food-Factory-Management-System\food_factory_backend\services\user\users.py changed, reloading.
2025-03-11 21:37:50,222 - INFO - D:\Akshata\Food-Factory-Management-System\food_factory_backend\services\user\users.py changed, reloading.
2025-03-11 21:37:55,242 - INFO - D:\Akshata\Food-Factory-Management-System\food_factory_backend\services\user\users.py changed, reloading.
2025-03-11 21:38:12,883 - INFO - D:\Akshata\Food-Factory-Management-System\food_factory_backend\apps\users\views.py changed, reloading.
2025-03-11 21:38:18,270 - INFO - D:\Akshata\Food-Factory-Management-System\food_factory_backend\apps\users\views.py changed, reloading.
2025-03-11 21:38:24,559 - INFO - D:\Akshata\Food-Factory-Management-System\food_factory_backend\apps\users\views.py changed, reloading.
2025-03-11 21:38:33,548 - INFO - D:\Akshata\Food-Factory-Management-System\food_factory_backend\apps\users\views.py changed, reloading.
2025-03-11 21:38:44,223 - INFO - D:\Akshata\Food-Factory-Management-System\food_factory_backend\apps\users\views.py changed, reloading.
2025-03-11 21:38:59,310 - INFO - D:\Akshata\Food-Factory-Management-System\food_factory_backend\apps\users\views.py changed, reloading.
2025-03-11 21:39:05,459 - INFO - D:\Akshata\Food-Factory-Management-System\food_factory_backend\apps\users\views.py changed, reloading.
2025-03-11 21:40:24,626 - INFO - Inside FetchDealerDetailsView!
2025-03-11 21:40:24,689 - INFO - Custom MySQL connection established successfully!
2025-03-11 21:40:24,691 - INFO - Inside fetch_dealer_details!
2025-03-11 21:40:24,697 - INFO - Inside fetch_dealer_details!
2025-03-11 21:40:24,699 - INFO - Custom MySQL connection closed successfully.
2025-03-11 21:41:23,878 - INFO - D:\Akshata\Food-Factory-Management-System\food_factory_backend\apps\users\views.py changed, reloading.
2025-03-11 21:41:28,884 - INFO - D:\Akshata\Food-Factory-Management-System\food_factory_backend\apps\users\views.py changed, reloading.
2025-03-11 21:41:41,946 - INFO - Custom MySQL connection established successfully!
2025-03-11 21:41:41,951 - INFO - Custom MySQL connection closed successfully.
2025-03-11 21:41:43,429 - INFO - Inside FetchDealerDetailsView!
2025-03-11 21:41:43,443 - INFO - Custom MySQL connection established successfully!
2025-03-11 21:41:43,444 - INFO - Inside fetch_dealer_details!
2025-03-11 21:41:43,452 - INFO - Inside fetch_dealer_details!
2025-03-11 21:41:43,456 - INFO - Custom MySQL connection closed successfully.
2025-03-11 21:42:10,979 - INFO - Custom MySQL connection established successfully!
2025-03-11 21:42:10,986 - INFO - Custom MySQL connection closed successfully.
2025-03-11 21:42:52,881 - INFO - Custom MySQL connection established successfully!
2025-03-11 21:42:52,894 - INFO - Custom MySQL connection closed successfully.
2025-03-11 21:42:57,004 - INFO - Custom MySQL connection established successfully!
2025-03-11 21:42:57,007 - INFO - Custom MySQL connection closed successfully.
2025-03-11 21:43:25,234 - INFO - Custom MySQL connection established successfully!
2025-03-11 21:43:25,266 - INFO - Custom MySQL connection closed successfully.
2025-03-11 21:44:15,056 - INFO - Custom MySQL connection established successfully!
2025-03-11 21:44:15,067 - INFO - Custom MySQL connection closed successfully.
2025-03-11 21:45:32,808 - INFO - Inside FetchDealerDetailsView!
2025-03-11 21:45:32,819 - INFO - Custom MySQL connection established successfully!
2025-03-11 21:45:32,820 - INFO - Inside fetch_dealer_details!
2025-03-11 21:45:32,828 - INFO - Inside fetch_dealer_details!
2025-03-11 21:45:32,833 - INFO - Custom MySQL connection closed successfully.
2025-03-11 21:45:44,401 - INFO - Inside UpdateDealerDetailsView!
2025-03-11 21:45:44,412 - INFO - Custom MySQL connection established successfully!
2025-03-11 21:45:44,412 - INFO - Inside update_dealer_details!
2025-03-11 21:45:44,414 - INFO - Inside update_user_data!
2025-03-11 21:45:44,414 - INFO - Update Query - 
    UPDATE users SET
 username = %s WHERE id = %s
2025-03-11 21:45:44,424 - INFO - update_user_data END...
2025-03-11 21:45:44,424 - INFO - Dealer details updated successfully.
2025-03-11 21:45:44,425 - INFO - Custom MySQL connection closed successfully.
2025-03-11 21:45:44,442 - INFO - Inside FetchDealerDetailsView!
2025-03-11 21:45:44,459 - INFO - Custom MySQL connection established successfully!
2025-03-11 21:45:44,460 - INFO - Inside fetch_dealer_details!
2025-03-11 21:45:44,468 - INFO - Inside fetch_dealer_details!
2025-03-11 21:45:44,470 - INFO - Custom MySQL connection closed successfully.
2025-03-11 21:48:01,707 - INFO - D:\Akshata\Food-Factory-Management-System\food_factory_backend\services\user\users.py changed, reloading.
2025-03-11 21:48:07,072 - INFO - D:\Akshata\Food-Factory-Management-System\food_factory_backend\services\user\users.py changed, reloading.
2025-03-11 21:48:23,455 - INFO - D:\Akshata\Food-Factory-Management-System\food_factory_backend\apps\users\views.py changed, reloading.
2025-03-11 21:48:32,339 - INFO - D:\Akshata\Food-Factory-Management-System\food_factory_backend\apps\users\views.py changed, reloading.
2025-03-11 21:48:40,309 - INFO - D:\Akshata\Food-Factory-Management-System\food_factory_backend\apps\users\views.py changed, reloading.
2025-03-11 21:48:49,327 - INFO - D:\Akshata\Food-Factory-Management-System\food_factory_backend\apps\users\views.py changed, reloading.
2025-03-11 21:48:56,317 - INFO - D:\Akshata\Food-Factory-Management-System\food_factory_backend\apps\users\views.py changed, reloading.
2025-03-11 21:49:03,304 - INFO - D:\Akshata\Food-Factory-Management-System\food_factory_backend\apps\users\views.py changed, reloading.
2025-03-11 21:49:09,153 - INFO - D:\Akshata\Food-Factory-Management-System\food_factory_backend\apps\users\views.py changed, reloading.
2025-03-11 21:49:27,373 - INFO - D:\Akshata\Food-Factory-Management-System\food_factory_backend\apps\users\views.py changed, reloading.
2025-03-11 21:49:46,377 - INFO - D:\Akshata\Food-Factory-Management-System\food_factory_backend\apps\users\urls.py changed, reloading.
2025-03-11 21:49:54,455 - INFO - D:\Akshata\Food-Factory-Management-System\food_factory_backend\apps\users\urls.py changed, reloading.
2025-03-11 21:54:53,863 - INFO - Inside FetchUserDetailsView!
2025-03-11 21:54:54,080 - INFO - Custom MySQL connection established successfully!
2025-03-11 21:54:54,082 - INFO - Inside fetch_user_details!
2025-03-11 21:54:54,111 - INFO - Custom MySQL connection established successfully!
2025-03-11 21:54:54,117 - INFO - Custom MySQL connection closed successfully.
2025-03-11 21:54:54,162 - INFO - Custom MySQL connection closed successfully.
2025-03-11 21:54:55,804 - INFO - Custom MySQL connection established successfully!
2025-03-11 21:54:55,817 - INFO - Custom MySQL connection closed successfully.
2025-03-11 21:54:55,857 - INFO - Inside FetchUserDetailsView!
2025-03-11 21:54:55,883 - INFO - Custom MySQL connection established successfully!
2025-03-11 21:54:55,884 - INFO - Inside fetch_user_details!
2025-03-11 21:54:55,898 - INFO - Custom MySQL connection closed successfully.
2025-03-11 21:55:00,409 - INFO - Inside FetchUserDetailsView!
2025-03-11 21:55:00,433 - INFO - Custom MySQL connection established successfully!
2025-03-11 21:55:00,445 - INFO - Custom MySQL connection established successfully!
2025-03-11 21:55:00,450 - INFO - Custom MySQL connection closed successfully.
2025-03-11 21:55:00,452 - INFO - Inside fetch_user_details!
2025-03-11 21:55:00,469 - INFO - Custom MySQL connection closed successfully.
2025-03-11 21:55:10,579 - INFO - Inside FetchUserDetailsView!
2025-03-11 21:55:10,586 - INFO - Custom MySQL connection established successfully!
2025-03-11 21:55:10,594 - INFO - Custom MySQL connection established successfully!
2025-03-11 21:55:10,595 - INFO - Custom MySQL connection closed successfully.
2025-03-11 21:55:10,597 - INFO - Inside fetch_user_details!
2025-03-11 21:55:10,607 - INFO - Custom MySQL connection closed successfully.
2025-03-11 21:55:15,919 - INFO - Inside FetchUserDetailsView!
2025-03-11 21:55:15,936 - INFO - Custom MySQL connection established successfully!
2025-03-11 21:55:15,957 - INFO - Custom MySQL connection established successfully!
2025-03-11 21:55:15,958 - INFO - Inside fetch_user_details!
2025-03-11 21:55:15,966 - INFO - Custom MySQL connection closed successfully.
2025-03-11 21:55:15,968 - INFO - Custom MySQL connection closed successfully.
2025-03-11 21:55:18,950 - INFO - Custom MySQL connection established successfully!
2025-03-11 21:55:18,960 - INFO - Custom MySQL connection closed successfully.
2025-03-11 21:55:19,004 - INFO - Inside FetchUserDetailsView!
2025-03-11 21:55:19,026 - INFO - Custom MySQL connection established successfully!
2025-03-11 21:55:19,027 - INFO - Inside fetch_user_details!
2025-03-11 21:55:19,033 - INFO - Custom MySQL connection closed successfully.
2025-03-11 21:56:00,543 - INFO - Inside FetchUserDetailsView!
2025-03-11 21:56:00,554 - INFO - Custom MySQL connection established successfully!
2025-03-11 21:56:00,559 - INFO - Custom MySQL connection established successfully!
2025-03-11 21:56:00,559 - INFO - Custom MySQL connection closed successfully.
2025-03-11 21:56:00,561 - INFO - Inside fetch_user_details!
2025-03-11 21:56:00,572 - INFO - Custom MySQL connection closed successfully.
2025-03-11 21:56:09,036 - INFO - Inside FetchUserDetailsView!
2025-03-11 21:56:09,055 - INFO - Custom MySQL connection established successfully!
2025-03-11 21:56:09,060 - INFO - Custom MySQL connection established successfully!
2025-03-11 21:56:09,063 - INFO - Inside fetch_user_details!
2025-03-11 21:56:09,063 - INFO - Custom MySQL connection closed successfully.
2025-03-11 21:56:09,072 - INFO - Custom MySQL connection closed successfully.
2025-03-11 21:56:17,769 - INFO - Inside FetchUserDetailsView!
2025-03-11 21:56:17,784 - INFO - Custom MySQL connection established successfully!
2025-03-11 21:56:17,796 - INFO - Custom MySQL connection established successfully!
2025-03-11 21:56:17,797 - INFO - Custom MySQL connection closed successfully.
2025-03-11 21:56:17,798 - INFO - Inside fetch_user_details!
2025-03-11 21:56:17,813 - INFO - Custom MySQL connection closed successfully.
2025-03-11 21:56:29,333 - INFO - Inside FetchDealerDetailsView!
2025-03-11 21:56:29,341 - INFO - Custom MySQL connection established successfully!
2025-03-11 21:56:29,343 - INFO - Inside fetch_dealer_details!
2025-03-11 21:56:29,351 - INFO - Inside fetch_user_details!
2025-03-11 21:56:29,355 - INFO - Custom MySQL connection closed successfully.
2025-03-11 21:56:39,587 - INFO - Inside UpdateDealerDetailsView!
2025-03-11 21:56:39,595 - INFO - Custom MySQL connection established successfully!
2025-03-11 21:56:39,595 - INFO - Inside update_dealer_details!
2025-03-11 21:56:39,596 - INFO - Inside update_user_data!
2025-03-11 21:56:39,596 - INFO - Update Query - 
    UPDATE users SET
 username = %s WHERE id = %s
2025-03-11 21:56:39,606 - INFO - update_user_data END...
2025-03-11 21:56:39,608 - INFO - Dealer details updated successfully.
2025-03-11 21:56:39,609 - INFO - Custom MySQL connection closed successfully.
2025-03-11 21:56:39,625 - INFO - Inside FetchDealerDetailsView!
2025-03-11 21:56:39,639 - INFO - Custom MySQL connection established successfully!
2025-03-11 21:56:39,640 - INFO - Inside fetch_dealer_details!
2025-03-11 21:56:39,645 - INFO - Inside fetch_user_details!
2025-03-11 21:56:39,649 - INFO - Custom MySQL connection closed successfully.
2025-03-11 21:56:49,817 - INFO - Inside FetchUserDetailsView!
2025-03-11 21:56:49,845 - INFO - Custom MySQL connection established successfully!
2025-03-11 21:56:49,849 - INFO - Inside fetch_user_details!
2025-03-11 21:56:49,853 - INFO - Custom MySQL connection established successfully!
2025-03-11 21:56:49,872 - INFO - Custom MySQL connection closed successfully.
2025-03-11 21:56:49,872 - INFO - Custom MySQL connection closed successfully.
2025-03-11 22:18:42,067 - INFO - Inside FetchDealerDetailsView!
2025-03-11 22:18:42,116 - INFO - Custom MySQL connection established successfully!
2025-03-11 22:18:42,116 - INFO - Inside fetch_dealer_details!
2025-03-11 22:18:42,128 - INFO - Inside fetch_user_details!
2025-03-11 22:18:42,134 - INFO - Custom MySQL connection closed successfully.
2025-03-11 22:19:02,587 - INFO - Inside FetchDealerDetailsView!
2025-03-11 22:19:02,599 - INFO - Custom MySQL connection established successfully!
2025-03-11 22:19:02,600 - INFO - Inside fetch_dealer_details!
2025-03-11 22:19:02,613 - INFO - Inside fetch_user_details!
2025-03-11 22:19:02,619 - INFO - Custom MySQL connection closed successfully.
2025-03-11 22:19:17,289 - INFO - Inside FetchDealerDetailsView!
2025-03-11 22:19:17,317 - INFO - Custom MySQL connection established successfully!
2025-03-11 22:19:17,318 - INFO - Inside fetch_dealer_details!
2025-03-11 22:19:17,325 - INFO - Inside fetch_user_details!
2025-03-11 22:19:17,328 - INFO - Custom MySQL connection closed successfully.
2025-03-11 23:03:33,598 - INFO - D:\Akshata\Food-Factory-Management-System\food_factory_backend\food_factory_backend\settings.py changed, reloading.
2025-03-11 23:04:05,936 - INFO - D:\Akshata\Food-Factory-Management-System\food_factory_backend\services\user\users.py changed, reloading.
2025-03-11 23:04:15,646 - INFO - D:\Akshata\Food-Factory-Management-System\food_factory_backend\services\user\users.py changed, reloading.
2025-03-11 23:04:21,845 - INFO - D:\Akshata\Food-Factory-Management-System\food_factory_backend\services\user\users.py changed, reloading.
2025-03-11 23:28:25,293 - INFO - D:\Akshata\Food-Factory-Management-System\food_factory_backend\food_factory_backend\settings.py changed, reloading.
2025-03-11 23:28:59,200 - INFO - Inside FetchUserDetailsView!
2025-03-11 23:28:59,404 - INFO - Custom MySQL connection established successfully!
2025-03-11 23:28:59,404 - INFO - Custom MySQL connection established successfully!
2025-03-11 23:28:59,406 - INFO - Inside fetch_user_details!
2025-03-11 23:28:59,417 - INFO - Custom MySQL connection closed successfully.
2025-03-11 23:28:59,421 - INFO - Custom MySQL connection closed successfully.
2025-03-11 23:29:00,703 - INFO - Inside FetchDealerDetailsView!
2025-03-11 23:29:00,724 - INFO - Custom MySQL connection established successfully!
2025-03-11 23:29:00,727 - INFO - Inside fetch_dealer_details!
2025-03-11 23:29:00,756 - INFO - Inside fetch_user_details!
2025-03-11 23:29:00,767 - INFO - Custom MySQL connection closed successfully.
2025-03-11 23:40:33,961 - INFO - D:\Akshata\Food-Factory-Management-System\food_factory_backend\constants\queries.py changed, reloading.
2025-03-11 23:40:48,718 - INFO - D:\Akshata\Food-Factory-Management-System\food_factory_backend\services\user\users.py changed, reloading.
2025-03-11 23:41:06,574 - INFO - D:\Akshata\Food-Factory-Management-System\food_factory_backend\services\user\users.py changed, reloading.
2025-03-13 00:41:29,035 - INFO - Inside SignInUserView!
2025-03-13 00:41:29,286 - INFO - Custom MySQL connection established successfully!
2025-03-13 00:41:29,286 - INFO - Inside CustomAuthBackend!
2025-03-13 00:41:29,287 - INFO - fetch_user_by_email! 
2025-03-13 00:41:29,343 - INFO - User Authenticated...
2025-03-13 00:41:29,346 - INFO - SignInUserView END...
2025-03-13 00:41:29,349 - INFO - Custom MySQL connection closed successfully.
2025-03-13 00:41:29,418 - INFO - Inside FetchUserDetailsView!
2025-03-13 00:41:29,444 - INFO - Custom MySQL connection established successfully!
2025-03-13 00:41:29,446 - INFO - Custom MySQL connection established successfully!
2025-03-13 00:41:29,454 - INFO - Inside fetch_user_details!
2025-03-13 00:41:29,463 - INFO - Custom MySQL connection closed successfully.
2025-03-13 00:41:29,489 - INFO - Custom MySQL connection closed successfully.
2025-03-13 00:41:31,525 - INFO - Inside FetchDealerDetailsView!
2025-03-13 00:41:31,546 - INFO - Custom MySQL connection established successfully!
2025-03-13 00:41:31,546 - INFO - Inside fetch_dealer_details!
2025-03-13 00:41:31,559 - INFO - Inside fetch_user_details!
2025-03-13 00:41:31,592 - INFO - Custom MySQL connection closed successfully.
2025-03-13 00:42:37,525 - INFO - Inside FetchUserDetailsView!
2025-03-13 00:42:37,549 - INFO - Custom MySQL connection established successfully!
2025-03-13 00:42:37,551 - INFO - Inside fetch_user_details!
2025-03-13 00:42:37,554 - INFO - Custom MySQL connection established successfully!
2025-03-13 00:42:37,559 - INFO - Custom MySQL connection closed successfully.
2025-03-13 00:42:37,564 - INFO - Custom MySQL connection closed successfully.
2025-03-13 00:42:41,042 - INFO - Inside FetchUserDetailsView!
2025-03-13 00:42:41,054 - INFO - Custom MySQL connection established successfully!
2025-03-13 00:42:41,064 - INFO - Custom MySQL connection established successfully!
2025-03-13 00:42:41,064 - INFO - Inside fetch_user_details!
2025-03-13 00:42:41,071 - INFO - Custom MySQL connection closed successfully.
2025-03-13 00:42:41,077 - INFO - Custom MySQL connection closed successfully.
2025-03-13 00:42:45,929 - INFO - Inside FetchUserDetailsView!
2025-03-13 00:42:45,944 - INFO - Custom MySQL connection established successfully!
2025-03-13 00:42:45,947 - INFO - Custom MySQL connection established successfully!
2025-03-13 00:42:45,948 - INFO - Inside fetch_user_details!
2025-03-13 00:42:45,953 - INFO - Custom MySQL connection closed successfully.
2025-03-13 00:42:45,953 - INFO - Custom MySQL connection closed successfully.
2025-03-13 00:42:53,812 - INFO - Inside FetchUserDetailsView!
2025-03-13 00:42:53,836 - INFO - Custom MySQL connection established successfully!
2025-03-13 00:42:53,837 - INFO - Inside fetch_user_details!
2025-03-13 00:42:53,839 - INFO - Custom MySQL connection established successfully!
2025-03-13 00:42:53,856 - INFO - Custom MySQL connection closed successfully.
2025-03-13 00:42:53,856 - INFO - Custom MySQL connection closed successfully.
2025-03-13 00:46:31,188 - INFO - Inside FetchDealerDetailsView!
2025-03-13 00:46:31,207 - INFO - Custom MySQL connection established successfully!
2025-03-13 00:46:31,208 - INFO - Inside fetch_dealer_details!
2025-03-13 00:46:31,221 - INFO - Inside fetch_user_details!
2025-03-13 00:46:31,226 - INFO - Custom MySQL connection closed successfully.
2025-03-13 00:46:42,885 - INFO - Inside FetchDealerDetailsView!
2025-03-13 00:46:42,904 - INFO - Custom MySQL connection established successfully!
2025-03-13 00:46:42,905 - INFO - Inside fetch_dealer_details!
2025-03-13 00:46:42,914 - INFO - Inside fetch_user_details!
2025-03-13 00:46:42,920 - INFO - Custom MySQL connection closed successfully.
2025-03-13 00:46:44,976 - INFO - Inside FetchDealerDetailsView!
2025-03-13 00:46:44,995 - INFO - Custom MySQL connection established successfully!
2025-03-13 00:46:44,995 - INFO - Inside fetch_dealer_details!
2025-03-13 00:46:45,001 - INFO - Inside fetch_user_details!
2025-03-13 00:46:45,008 - INFO - Custom MySQL connection closed successfully.
2025-03-13 23:15:22,704 - INFO - Inside SignInUserView!
2025-03-13 23:15:23,134 - INFO - Custom MySQL connection established successfully!
2025-03-13 23:15:23,140 - INFO - Inside CustomAuthBackend!
2025-03-13 23:15:23,146 - INFO - fetch_user_by_email! 
2025-03-13 23:15:23,278 - INFO - User Authenticated...
2025-03-13 23:15:23,300 - INFO - SignInUserView END...
2025-03-13 23:15:23,305 - INFO - Custom MySQL connection closed successfully.
2025-03-13 23:15:23,418 - INFO - Inside FetchUserDetailsView!
2025-03-13 23:15:23,516 - INFO - Custom MySQL connection established successfully!
2025-03-13 23:15:23,519 - INFO - Inside fetch_user_details!
2025-03-13 23:15:23,564 - INFO - Custom MySQL connection established successfully!
2025-03-13 23:15:23,567 - INFO - Custom MySQL connection closed successfully.
2025-03-13 23:15:23,588 - INFO - Custom MySQL connection closed successfully.
2025-03-13 23:15:24,852 - INFO - Inside FetchDealerDetailsView!
2025-03-13 23:15:24,876 - INFO - Custom MySQL connection established successfully!
2025-03-13 23:15:24,877 - INFO - Inside fetch_dealer_details!
2025-03-13 23:15:24,888 - INFO - Inside fetch_user_details!
2025-03-13 23:15:24,901 - INFO - Custom MySQL connection closed successfully.
2025-03-13 23:17:32,325 - INFO - Inside FetchUserDetailsView!
2025-03-13 23:17:32,379 - INFO - Custom MySQL connection established successfully!
2025-03-13 23:17:32,384 - INFO - Custom MySQL connection established successfully!
2025-03-13 23:17:32,389 - INFO - Inside fetch_user_details!
2025-03-13 23:17:32,406 - INFO - Custom MySQL connection closed successfully.
2025-03-13 23:17:32,408 - INFO - Custom MySQL connection closed successfully.
2025-03-13 23:18:01,536 - INFO - Inside FetchUserDetailsView!
2025-03-13 23:18:01,577 - INFO - Custom MySQL connection established successfully!
2025-03-13 23:18:01,579 - INFO - Inside fetch_user_details!
2025-03-13 23:18:01,599 - INFO - Custom MySQL connection established successfully!
2025-03-13 23:18:01,603 - INFO - Custom MySQL connection closed successfully.
2025-03-13 23:18:01,617 - INFO - Custom MySQL connection closed successfully.
2025-03-13 23:18:27,149 - INFO - Inside FetchUserDetailsView!
2025-03-13 23:18:27,160 - INFO - Custom MySQL connection established successfully!
2025-03-13 23:18:27,171 - INFO - Custom MySQL connection established successfully!
2025-03-13 23:18:27,171 - INFO - Custom MySQL connection closed successfully.
2025-03-13 23:18:27,171 - INFO - Inside fetch_user_details!
2025-03-13 23:18:27,186 - INFO - Custom MySQL connection closed successfully.
2025-03-13 23:18:48,226 - INFO - Inside FetchUserDetailsView!
2025-03-13 23:18:48,244 - INFO - Custom MySQL connection established successfully!
2025-03-13 23:18:48,257 - INFO - Custom MySQL connection established successfully!
2025-03-13 23:18:48,260 - INFO - Inside fetch_user_details!
2025-03-13 23:18:48,267 - INFO - Custom MySQL connection closed successfully.
2025-03-13 23:18:48,285 - INFO - Custom MySQL connection closed successfully.
2025-03-13 23:19:20,202 - INFO - Inside FetchUserDetailsView!
2025-03-13 23:19:20,219 - INFO - Custom MySQL connection established successfully!
2025-03-13 23:19:20,243 - INFO - Custom MySQL connection closed successfully.
2025-03-13 23:19:20,268 - INFO - Custom MySQL connection established successfully!
2025-03-13 23:19:20,271 - INFO - Inside fetch_user_details!
2025-03-13 23:19:20,292 - INFO - Custom MySQL connection closed successfully.
2025-03-13 23:19:23,360 - INFO - Inside FetchUserDetailsView!
2025-03-13 23:19:23,419 - INFO - Custom MySQL connection established successfully!
2025-03-13 23:19:23,430 - INFO - Custom MySQL connection established successfully!
2025-03-13 23:19:23,436 - INFO - Inside fetch_user_details!
2025-03-13 23:19:23,437 - INFO - Custom MySQL connection closed successfully.
2025-03-13 23:19:23,531 - INFO - Custom MySQL connection closed successfully.
2025-03-13 23:20:46,127 - INFO - Inside FetchUserDetailsView!
2025-03-13 23:20:46,134 - INFO - Custom MySQL connection established successfully!
2025-03-13 23:20:46,135 - INFO - Custom MySQL connection established successfully!
2025-03-13 23:20:46,138 - INFO - Inside fetch_user_details!
2025-03-13 23:20:46,142 - INFO - Custom MySQL connection closed successfully.
2025-03-13 23:20:46,143 - INFO - Custom MySQL connection closed successfully.
2025-03-13 23:20:50,361 - INFO - Inside FetchUserDetailsView!
2025-03-13 23:20:50,419 - INFO - Custom MySQL connection established successfully!
2025-03-13 23:20:50,441 - INFO - Custom MySQL connection closed successfully.
2025-03-13 23:20:50,445 - INFO - Custom MySQL connection established successfully!
2025-03-13 23:20:50,449 - INFO - Inside fetch_user_details!
2025-03-13 23:20:50,467 - INFO - Custom MySQL connection closed successfully.
2025-03-13 23:21:06,971 - INFO - Inside FetchUserDetailsView!
2025-03-13 23:21:06,988 - INFO - Custom MySQL connection established successfully!
2025-03-13 23:21:06,993 - INFO - Custom MySQL connection established successfully!
2025-03-13 23:21:07,005 - INFO - Inside fetch_user_details!
2025-03-13 23:21:07,006 - INFO - Custom MySQL connection closed successfully.
2025-03-13 23:21:07,022 - INFO - Custom MySQL connection closed successfully.
2025-03-13 23:22:20,664 - INFO - Inside FetchUserDetailsView!
2025-03-13 23:22:20,691 - INFO - Custom MySQL connection established successfully!
2025-03-13 23:22:20,695 - INFO - Custom MySQL connection established successfully!
2025-03-13 23:22:20,699 - INFO - Inside fetch_user_details!
2025-03-13 23:22:20,723 - INFO - Custom MySQL connection closed successfully.
2025-03-13 23:22:20,724 - INFO - Custom MySQL connection closed successfully.
2025-03-13 23:22:22,792 - INFO - Inside FetchUserDetailsView!
2025-03-13 23:22:22,811 - INFO - Custom MySQL connection established successfully!
2025-03-13 23:22:22,814 - INFO - Inside fetch_user_details!
2025-03-13 23:22:22,817 - INFO - Custom MySQL connection established successfully!
2025-03-13 23:22:22,824 - INFO - Custom MySQL connection closed successfully.
2025-03-13 23:22:22,828 - INFO - Custom MySQL connection closed successfully.
2025-03-13 23:22:49,964 - INFO - Inside FetchUserDetailsView!
2025-03-13 23:22:49,980 - INFO - Custom MySQL connection established successfully!
2025-03-13 23:22:49,983 - INFO - Custom MySQL connection established successfully!
2025-03-13 23:22:49,984 - INFO - Inside fetch_user_details!
2025-03-13 23:22:49,990 - INFO - Custom MySQL connection closed successfully.
2025-03-13 23:22:49,994 - INFO - Custom MySQL connection closed successfully.
2025-03-13 23:22:57,530 - INFO - Inside FetchUserDetailsView!
2025-03-13 23:22:57,561 - INFO - Custom MySQL connection established successfully!
2025-03-13 23:22:57,573 - INFO - Custom MySQL connection closed successfully.
2025-03-13 23:22:57,576 - INFO - Custom MySQL connection established successfully!
2025-03-13 23:22:57,592 - INFO - Inside fetch_user_details!
2025-03-13 23:22:57,611 - INFO - Custom MySQL connection closed successfully.
2025-03-13 23:23:12,017 - INFO - Inside FetchUserDetailsView!
2025-03-13 23:23:12,030 - INFO - Custom MySQL connection established successfully!
2025-03-13 23:23:12,031 - INFO - Custom MySQL connection established successfully!
2025-03-13 23:23:12,031 - INFO - Inside fetch_user_details!
2025-03-13 23:23:12,037 - INFO - Custom MySQL connection closed successfully.
2025-03-13 23:23:12,037 - INFO - Custom MySQL connection closed successfully.
2025-03-13 23:23:24,230 - INFO - Inside FetchUserDetailsView!
2025-03-13 23:23:24,257 - INFO - Custom MySQL connection established successfully!
2025-03-13 23:23:24,261 - INFO - Custom MySQL connection established successfully!
2025-03-13 23:23:24,264 - INFO - Inside fetch_user_details!
2025-03-13 23:23:24,266 - INFO - Custom MySQL connection closed successfully.
2025-03-13 23:23:24,266 - INFO - Custom MySQL connection closed successfully.
2025-03-13 23:23:36,310 - INFO - Inside FetchDealerDetailsView!
2025-03-13 23:23:36,356 - INFO - Custom MySQL connection established successfully!
2025-03-13 23:23:36,357 - INFO - Inside fetch_dealer_details!
2025-03-13 23:23:36,364 - INFO - Inside fetch_user_details!
2025-03-13 23:23:36,370 - INFO - Custom MySQL connection closed successfully.
2025-03-13 23:24:50,402 - INFO - D:\Akshata\Food-Factory-Management-System\food_factory_backend\food_factory_backend\settings.py changed, reloading.
2025-03-13 23:26:11,290 - INFO - D:\Akshata\Food-Factory-Management-System\food_factory_backend\food_factory_backend\settings.py changed, reloading.
2025-03-13 23:32:25,107 - INFO - D:\Akshata\Food-Factory-Management-System\food_factory_backend\food_factory_backend\settings.py changed, reloading.
2025-03-13 23:32:32,999 - INFO - D:\Akshata\Food-Factory-Management-System\food_factory_backend\apps\users\views.py changed, reloading.
2025-03-13 23:33:04,441 - INFO - D:\Akshata\Food-Factory-Management-System\food_factory_backend\food_factory_backend\settings.py changed, reloading.
2025-03-13 23:33:09,827 - INFO - D:\Akshata\Food-Factory-Management-System\food_factory_backend\food_factory_backend\settings.py changed, reloading.
2025-03-13 23:33:20,301 - INFO - Inside FetchUserDetailsView!
2025-03-13 23:33:20,627 - INFO - Custom MySQL connection established successfully!
2025-03-13 23:33:20,629 - INFO - Custom MySQL connection established successfully!
2025-03-13 23:33:20,632 - INFO - Inside fetch_user_details!
2025-03-13 23:33:20,656 - INFO - Custom MySQL connection closed successfully.
2025-03-13 23:33:20,743 - INFO - Custom MySQL connection closed successfully.
2025-03-13 23:33:21,376 - INFO - Inside FetchDealerDetailsView!
2025-03-13 23:33:21,394 - INFO - Custom MySQL connection established successfully!
2025-03-13 23:33:21,396 - INFO - Inside fetch_dealer_details!
2025-03-13 23:33:21,415 - INFO - Inside fetch_user_details!
2025-03-13 23:33:21,417 - INFO - Custom MySQL connection closed successfully.
2025-03-13 23:33:46,775 - INFO - Inside UpdateDealerDetailsView!
2025-03-13 23:33:46,822 - INFO - Custom MySQL connection established successfully!
2025-03-13 23:33:46,823 - INFO - Inside update_dealer_details!
2025-03-13 23:33:46,824 - INFO - Update Query - 
    UPDATE dealerdetails SET 
 address_payload = %s WHERE user_id = %s
2025-03-13 23:33:46,897 - INFO - update_dealer_details END...
2025-03-13 23:33:46,898 - INFO - Dealer details updated successfully.
2025-03-13 23:33:46,900 - INFO - Custom MySQL connection closed successfully.
2025-03-13 23:33:46,908 - INFO - Inside FetchDealerDetailsView!
2025-03-13 23:33:46,934 - INFO - Custom MySQL connection established successfully!
2025-03-13 23:33:46,934 - INFO - Inside fetch_dealer_details!
2025-03-13 23:33:46,938 - INFO - Inside fetch_user_details!
2025-03-13 23:33:46,940 - INFO - Custom MySQL connection closed successfully.
2025-03-14 18:53:23,050 - INFO - Inside SignInUserView!
2025-03-14 18:53:23,319 - INFO - Custom MySQL connection established successfully!
2025-03-14 18:53:23,320 - INFO - Inside CustomAuthBackend!
2025-03-14 18:53:23,321 - INFO - fetch_user_by_email! 
2025-03-14 18:53:23,371 - INFO - User Authenticated...
2025-03-14 18:53:23,373 - INFO - SignInUserView END...
2025-03-14 18:53:23,376 - INFO - Custom MySQL connection closed successfully.
2025-03-14 18:53:23,448 - INFO - Inside FetchUserDetailsView!
2025-03-14 18:53:23,468 - INFO - Custom MySQL connection established successfully!
2025-03-14 18:53:23,500 - INFO - Custom MySQL connection established successfully!
2025-03-14 18:53:23,502 - INFO - Custom MySQL connection closed successfully.
2025-03-14 18:53:23,502 - INFO - Inside fetch_user_details!
2025-03-14 18:53:23,515 - INFO - Custom MySQL connection closed successfully.
2025-03-14 18:53:25,444 - INFO - Inside FetchDealerDetailsView!
2025-03-14 18:53:25,460 - INFO - Custom MySQL connection established successfully!
2025-03-14 18:53:25,460 - INFO - Inside fetch_dealer_details!
2025-03-14 18:53:25,470 - INFO - Inside fetch_user_details!
2025-03-14 18:53:25,475 - INFO - Custom MySQL connection closed successfully.
2025-03-14 18:53:50,341 - INFO - Inside FetchUserDetailsView!
2025-03-14 18:53:50,367 - INFO - Custom MySQL connection established successfully!
2025-03-14 18:53:50,372 - INFO - Custom MySQL connection established successfully!
2025-03-14 18:53:50,373 - INFO - Inside fetch_user_details!
2025-03-14 18:53:50,376 - INFO - Custom MySQL connection closed successfully.
2025-03-14 18:53:50,388 - INFO - Custom MySQL connection closed successfully.
2025-03-14 18:53:51,352 - INFO - Inside FetchUserDetailsView!
2025-03-14 18:53:51,359 - INFO - Custom MySQL connection established successfully!
2025-03-14 18:53:51,372 - INFO - Custom MySQL connection closed successfully.
2025-03-14 18:53:51,377 - INFO - Custom MySQL connection established successfully!
2025-03-14 18:53:51,380 - INFO - Inside fetch_user_details!
2025-03-14 18:53:51,388 - INFO - Custom MySQL connection closed successfully.
2025-03-14 18:53:55,195 - INFO - Inside FetchUserDetailsView!
2025-03-14 18:53:55,212 - INFO - Custom MySQL connection established successfully!
2025-03-14 18:53:55,216 - INFO - Custom MySQL connection established successfully!
2025-03-14 18:53:55,219 - INFO - Inside fetch_user_details!
2025-03-14 18:53:55,226 - INFO - Custom MySQL connection closed successfully.
2025-03-14 18:53:55,226 - INFO - Custom MySQL connection closed successfully.
2025-03-14 18:54:07,191 - INFO - Inside FetchUserDetailsView!
2025-03-14 18:54:07,203 - INFO - Custom MySQL connection established successfully!
2025-03-14 18:54:07,206 - INFO - Custom MySQL connection established successfully!
2025-03-14 18:54:07,207 - INFO - Custom MySQL connection closed successfully.
2025-03-14 18:54:07,207 - INFO - Inside fetch_user_details!
2025-03-14 18:54:07,215 - INFO - Custom MySQL connection closed successfully.
2025-03-14 18:54:16,146 - INFO - Inside FetchUserDetailsView!
2025-03-14 18:54:16,181 - INFO - Custom MySQL connection established successfully!
2025-03-14 18:54:16,186 - INFO - Custom MySQL connection established successfully!
2025-03-14 18:54:16,188 - INFO - Inside fetch_user_details!
2025-03-14 18:54:16,201 - INFO - Custom MySQL connection closed successfully.
2025-03-14 18:54:16,211 - INFO - Custom MySQL connection closed successfully.
2025-03-14 18:54:17,361 - INFO - Inside FetchDealerDetailsView!
2025-03-14 18:54:17,379 - INFO - Custom MySQL connection established successfully!
2025-03-14 18:54:17,380 - INFO - Inside fetch_dealer_details!
2025-03-14 18:54:17,384 - INFO - Inside fetch_user_details!
2025-03-14 18:54:17,391 - INFO - Custom MySQL connection closed successfully.
2025-03-14 18:55:12,502 - INFO - Inside FetchUserDetailsView!
2025-03-14 18:55:12,530 - INFO - Custom MySQL connection established successfully!
2025-03-14 18:55:12,531 - INFO - Inside fetch_user_details!
2025-03-14 18:55:12,534 - INFO - Custom MySQL connection established successfully!
2025-03-14 18:55:12,536 - INFO - Custom MySQL connection closed successfully.
2025-03-14 18:55:12,542 - INFO - Custom MySQL connection closed successfully.
2025-03-14 18:55:15,586 - INFO - Inside FetchUserDetailsView!
2025-03-14 18:55:15,619 - INFO - Custom MySQL connection established successfully!
2025-03-14 18:55:15,631 - INFO - Custom MySQL connection closed successfully.
2025-03-14 18:55:15,675 - INFO - Custom MySQL connection established successfully!
2025-03-14 18:55:15,676 - INFO - Inside fetch_user_details!
2025-03-14 18:55:15,687 - INFO - Custom MySQL connection closed successfully.
2025-03-14 18:55:17,007 - INFO - Inside FetchUserDetailsView!
2025-03-14 18:55:17,037 - INFO - Custom MySQL connection established successfully!
2025-03-14 18:55:17,041 - INFO - Custom MySQL connection established successfully!
2025-03-14 18:55:17,049 - INFO - Inside fetch_user_details!
2025-03-14 18:55:17,050 - INFO - Custom MySQL connection closed successfully.
2025-03-14 18:55:17,058 - INFO - Custom MySQL connection closed successfully.
2025-03-14 18:55:17,369 - INFO - Inside FetchDealerDetailsView!
2025-03-14 18:55:17,385 - INFO - Custom MySQL connection established successfully!
2025-03-14 18:55:17,385 - INFO - Inside fetch_dealer_details!
2025-03-14 18:55:17,392 - INFO - Inside fetch_user_details!
2025-03-14 18:55:17,398 - INFO - Custom MySQL connection closed successfully.
2025-03-14 18:55:32,218 - INFO - Inside FetchUserDetailsView!
2025-03-14 18:55:32,229 - INFO - Custom MySQL connection established successfully!
2025-03-14 18:55:32,238 - INFO - Custom MySQL connection established successfully!
2025-03-14 18:55:32,238 - INFO - Custom MySQL connection closed successfully.
2025-03-14 18:55:32,239 - INFO - Inside fetch_user_details!
2025-03-14 18:55:32,246 - INFO - Custom MySQL connection closed successfully.
2025-03-14 18:55:55,550 - INFO - Inside FetchUserDetailsView!
2025-03-14 18:55:55,562 - INFO - Custom MySQL connection established successfully!
2025-03-14 18:55:55,576 - INFO - Custom MySQL connection established successfully!
2025-03-14 18:55:55,576 - INFO - Custom MySQL connection closed successfully.
2025-03-14 18:55:55,576 - INFO - Inside fetch_user_details!
2025-03-14 18:55:55,587 - INFO - Custom MySQL connection closed successfully.
2025-03-14 18:56:20,698 - INFO - Inside FetchUserDetailsView!
2025-03-14 18:56:20,720 - INFO - Custom MySQL connection established successfully!
2025-03-14 18:56:20,721 - INFO - Inside fetch_user_details!
2025-03-14 18:56:20,722 - INFO - Custom MySQL connection established successfully!
2025-03-14 18:56:20,734 - INFO - Custom MySQL connection closed successfully.
2025-03-14 18:56:20,734 - INFO - Custom MySQL connection closed successfully.
2025-03-14 18:56:24,875 - INFO - Inside FetchDealerDetailsView!
2025-03-14 18:56:24,891 - INFO - Custom MySQL connection established successfully!
2025-03-14 18:56:24,893 - INFO - Inside fetch_dealer_details!
2025-03-14 18:56:24,905 - INFO - Inside fetch_user_details!
2025-03-14 18:56:24,910 - INFO - Custom MySQL connection closed successfully.
2025-03-14 18:58:02,381 - INFO - Inside FetchUserDetailsView!
2025-03-14 18:58:02,398 - INFO - Custom MySQL connection established successfully!
2025-03-14 18:58:02,410 - INFO - Custom MySQL connection established successfully!
2025-03-14 18:58:02,410 - INFO - Custom MySQL connection closed successfully.
2025-03-14 18:58:02,412 - INFO - Inside fetch_user_details!
2025-03-14 18:58:02,417 - INFO - Custom MySQL connection closed successfully.
2025-03-14 18:58:09,344 - INFO - Inside FetchUserDetailsView!
2025-03-14 18:58:09,381 - INFO - Custom MySQL connection established successfully!
2025-03-14 18:58:09,393 - INFO - Custom MySQL connection established successfully!
2025-03-14 18:58:09,393 - INFO - Custom MySQL connection closed successfully.
2025-03-14 18:58:09,395 - INFO - Inside fetch_user_details!
2025-03-14 18:58:09,404 - INFO - Custom MySQL connection closed successfully.
2025-03-14 18:58:13,202 - INFO - Inside FetchUserDetailsView!
2025-03-14 18:58:13,219 - INFO - Custom MySQL connection established successfully!
2025-03-14 18:58:13,220 - INFO - Custom MySQL connection established successfully!
2025-03-14 18:58:13,221 - INFO - Inside fetch_user_details!
2025-03-14 18:58:13,227 - INFO - Custom MySQL connection closed successfully.
2025-03-14 18:58:13,227 - INFO - Custom MySQL connection closed successfully.
2025-03-14 19:05:26,251 - INFO - Inside FetchDealerDetailsView!
2025-03-14 19:05:26,275 - INFO - Custom MySQL connection established successfully!
2025-03-14 19:05:26,275 - INFO - Inside fetch_dealer_details!
2025-03-14 19:05:26,279 - INFO - Inside fetch_user_details!
2025-03-14 19:05:26,282 - INFO - Custom MySQL connection closed successfully.
2025-03-14 19:07:38,621 - INFO - Inside FetchUserDetailsView!
2025-03-14 19:07:38,638 - INFO - Custom MySQL connection established successfully!
2025-03-14 19:07:38,644 - INFO - Custom MySQL connection established successfully!
2025-03-14 19:07:38,646 - INFO - Inside fetch_user_details!
2025-03-14 19:07:38,647 - INFO - Custom MySQL connection closed successfully.
2025-03-14 19:07:38,651 - INFO - Custom MySQL connection closed successfully.
2025-03-14 19:08:01,420 - INFO - Inside FetchUserDetailsView!
2025-03-14 19:08:01,456 - INFO - Custom MySQL connection established successfully!
2025-03-14 19:08:01,459 - INFO - Custom MySQL connection established successfully!
2025-03-14 19:08:01,461 - INFO - Inside fetch_user_details!
2025-03-14 19:08:01,478 - INFO - Custom MySQL connection closed successfully.
2025-03-14 19:08:01,481 - INFO - Custom MySQL connection closed successfully.
2025-03-14 19:09:17,683 - INFO - Inside FetchUserDetailsView!
2025-03-14 19:09:17,694 - INFO - Custom MySQL connection established successfully!
2025-03-14 19:09:17,698 - INFO - Custom MySQL connection established successfully!
2025-03-14 19:09:17,702 - INFO - Inside fetch_user_details!
2025-03-14 19:09:17,704 - INFO - Custom MySQL connection closed successfully.
2025-03-14 19:09:17,708 - INFO - Custom MySQL connection closed successfully.
2025-03-14 19:09:21,255 - INFO - Inside FetchUserDetailsView!
2025-03-14 19:09:21,295 - INFO - Custom MySQL connection established successfully!
2025-03-14 19:09:21,301 - INFO - Custom MySQL connection established successfully!
2025-03-14 19:09:21,308 - INFO - Inside fetch_user_details!
2025-03-14 19:09:21,308 - INFO - Custom MySQL connection closed successfully.
2025-03-14 19:09:21,318 - INFO - Custom MySQL connection closed successfully.
2025-03-14 19:09:23,417 - INFO - Inside FetchUserDetailsView!
2025-03-14 19:09:23,432 - INFO - Custom MySQL connection established successfully!
2025-03-14 19:09:23,438 - INFO - Custom MySQL connection established successfully!
2025-03-14 19:09:23,438 - INFO - Custom MySQL connection closed successfully.
2025-03-14 19:09:23,439 - INFO - Inside fetch_user_details!
2025-03-14 19:09:23,452 - INFO - Custom MySQL connection closed successfully.
2025-03-14 19:09:24,337 - INFO - Inside FetchUserDetailsView!
2025-03-14 19:09:24,356 - INFO - Custom MySQL connection established successfully!
2025-03-14 19:09:24,357 - INFO - Custom MySQL connection established successfully!
2025-03-14 19:09:24,361 - INFO - Inside fetch_user_details!
2025-03-14 19:09:24,363 - INFO - Custom MySQL connection closed successfully.
2025-03-14 19:09:24,365 - INFO - Custom MySQL connection closed successfully.
2025-03-14 19:09:25,964 - INFO - Inside FetchDealerDetailsView!
2025-03-14 19:09:25,979 - INFO - Custom MySQL connection established successfully!
2025-03-14 19:09:25,980 - INFO - Inside fetch_dealer_details!
2025-03-14 19:09:25,987 - INFO - Inside fetch_user_details!
2025-03-14 19:09:25,991 - INFO - Custom MySQL connection closed successfully.
2025-03-14 19:10:00,936 - INFO - Inside FetchUserDetailsView!
2025-03-14 19:10:00,950 - INFO - Custom MySQL connection established successfully!
2025-03-14 19:10:00,957 - INFO - Custom MySQL connection established successfully!
2025-03-14 19:10:00,957 - INFO - Custom MySQL connection closed successfully.
2025-03-14 19:10:00,957 - INFO - Inside fetch_user_details!
2025-03-14 19:10:00,967 - INFO - Custom MySQL connection closed successfully.
2025-03-14 19:10:10,759 - INFO - Inside FetchUserDetailsView!
2025-03-14 19:10:10,773 - INFO - Custom MySQL connection established successfully!
2025-03-14 19:10:10,774 - INFO - Custom MySQL connection established successfully!
2025-03-14 19:10:10,776 - INFO - Inside fetch_user_details!
2025-03-14 19:10:10,779 - INFO - Custom MySQL connection closed successfully.
2025-03-14 19:10:10,781 - INFO - Custom MySQL connection closed successfully.
2025-03-14 19:11:09,062 - INFO - Inside FetchUserDetailsView!
2025-03-14 19:11:09,087 - INFO - Custom MySQL connection established successfully!
2025-03-14 19:11:09,090 - INFO - Custom MySQL connection established successfully!
2025-03-14 19:11:09,091 - INFO - Inside fetch_user_details!
2025-03-14 19:11:09,097 - INFO - Custom MySQL connection closed successfully.
2025-03-14 19:11:09,098 - INFO - Custom MySQL connection closed successfully.
2025-03-14 19:11:43,095 - INFO - Inside FetchUserDetailsView!
2025-03-14 19:11:43,103 - INFO - Custom MySQL connection established successfully!
2025-03-14 19:11:43,109 - INFO - Custom MySQL connection closed successfully.
2025-03-14 19:11:43,116 - INFO - Custom MySQL connection established successfully!
2025-03-14 19:11:43,117 - INFO - Inside fetch_user_details!
2025-03-14 19:11:43,123 - INFO - Custom MySQL connection closed successfully.
2025-03-14 19:12:02,662 - INFO - Inside FetchUserDetailsView!
2025-03-14 19:12:02,673 - INFO - Custom MySQL connection established successfully!
2025-03-14 19:12:02,676 - INFO - Custom MySQL connection established successfully!
2025-03-14 19:12:02,678 - INFO - Inside fetch_user_details!
2025-03-14 19:12:02,684 - INFO - Custom MySQL connection closed successfully.
2025-03-14 19:12:02,691 - INFO - Custom MySQL connection closed successfully.
2025-03-14 19:12:21,072 - INFO - Inside FetchDealerDetailsView!
2025-03-14 19:12:21,085 - INFO - Custom MySQL connection established successfully!
2025-03-14 19:12:21,086 - INFO - Inside fetch_dealer_details!
2025-03-14 19:12:21,094 - INFO - Inside fetch_user_details!
2025-03-14 19:12:21,098 - INFO - Custom MySQL connection closed successfully.
2025-03-14 19:12:32,788 - INFO - Inside UpdateDealerDetailsView!
2025-03-14 19:12:32,808 - INFO - Custom MySQL connection established successfully!
2025-03-14 19:12:32,810 - INFO - Inside update_dealer_details!
2025-03-14 19:12:32,819 - INFO - Update Query - 
    UPDATE dealerdetails SET 
 profile_photo = %s WHERE user_id = %s
2025-03-14 19:12:32,899 - INFO - update_dealer_details END...
2025-03-14 19:12:32,900 - INFO - Dealer details updated successfully.
2025-03-14 19:12:32,901 - INFO - Custom MySQL connection closed successfully.
2025-03-14 19:12:32,912 - INFO - Inside FetchDealerDetailsView!
2025-03-14 19:12:32,926 - INFO - Custom MySQL connection established successfully!
2025-03-14 19:12:32,927 - INFO - Inside fetch_dealer_details!
2025-03-14 19:12:32,936 - INFO - Inside fetch_user_details!
2025-03-14 19:12:32,940 - INFO - Custom MySQL connection closed successfully.
2025-03-14 19:26:50,981 - INFO - Inside SignInUserView!
2025-03-14 19:26:51,200 - INFO - Custom MySQL connection established successfully!
2025-03-14 19:26:51,204 - INFO - Inside CustomAuthBackend!
2025-03-14 19:26:51,205 - INFO - fetch_user_by_email! 
2025-03-14 19:26:51,283 - INFO - User Authenticated...
2025-03-14 19:26:51,300 - INFO - SignInUserView END...
2025-03-14 19:26:51,303 - INFO - Custom MySQL connection closed successfully.
2025-03-14 19:26:51,359 - INFO - Inside FetchUserDetailsView!
2025-03-14 19:26:51,412 - INFO - Custom MySQL connection established successfully!
2025-03-14 19:26:51,415 - INFO - Inside fetch_user_details!
2025-03-14 19:26:51,424 - INFO - Custom MySQL connection closed successfully.
2025-03-14 19:26:51,459 - INFO - Custom MySQL connection established successfully!
2025-03-14 19:26:51,489 - INFO - Custom MySQL connection closed successfully.
2025-03-14 19:26:53,054 - INFO - Inside FetchDealerDetailsView!
2025-03-14 19:26:53,079 - INFO - Custom MySQL connection established successfully!
2025-03-14 19:26:53,080 - INFO - Inside fetch_dealer_details!
2025-03-14 19:26:53,130 - INFO - Inside fetch_user_details!
2025-03-14 19:26:53,144 - INFO - Custom MySQL connection closed successfully.
2025-03-14 19:28:28,944 - INFO - Inside UpdateDealerDetailsView!
2025-03-14 19:28:28,956 - INFO - Custom MySQL connection established successfully!
2025-03-14 19:28:28,958 - INFO - Inside update_dealer_details!
2025-03-14 19:28:28,962 - INFO - Update Query - 
    UPDATE dealerdetails SET 
 profile_photo = %s WHERE user_id = %s
2025-03-14 19:28:29,110 - INFO - update_dealer_details END...
2025-03-14 19:28:29,111 - INFO - Dealer details updated successfully.
2025-03-14 19:28:29,111 - INFO - Custom MySQL connection closed successfully.
2025-03-14 19:28:29,118 - INFO - Inside FetchDealerDetailsView!
2025-03-14 19:28:29,129 - INFO - Custom MySQL connection established successfully!
2025-03-14 19:28:29,129 - INFO - Inside fetch_dealer_details!
2025-03-14 19:28:29,152 - INFO - Inside fetch_user_details!
2025-03-14 19:28:29,160 - INFO - Custom MySQL connection closed successfully.
2025-03-14 19:28:56,726 - INFO - Inside FetchUserDetailsView!
2025-03-14 19:28:56,766 - INFO - Custom MySQL connection established successfully!
2025-03-14 19:28:56,776 - INFO - Custom MySQL connection established successfully!
2025-03-14 19:28:56,778 - INFO - Inside fetch_user_details!
2025-03-14 19:28:56,796 - INFO - Custom MySQL connection closed successfully.
2025-03-14 19:28:56,798 - INFO - Custom MySQL connection closed successfully.
2025-03-14 19:28:57,394 - INFO - Inside FetchUserDetailsView!
2025-03-14 19:28:57,407 - INFO - Custom MySQL connection established successfully!
2025-03-14 19:28:57,409 - INFO - Custom MySQL connection established successfully!
2025-03-14 19:28:57,411 - INFO - Inside fetch_user_details!
2025-03-14 19:28:57,417 - INFO - Custom MySQL connection closed successfully.
2025-03-14 19:28:57,418 - INFO - Custom MySQL connection closed successfully.
2025-03-14 19:29:30,595 - INFO - Inside FetchUserDetailsView!
2025-03-14 19:29:30,611 - INFO - Custom MySQL connection established successfully!
2025-03-14 19:29:30,620 - INFO - Custom MySQL connection closed successfully.
2025-03-14 19:29:30,628 - INFO - Custom MySQL connection established successfully!
2025-03-14 19:29:30,631 - INFO - Inside fetch_user_details!
2025-03-14 19:29:30,643 - INFO - Custom MySQL connection closed successfully.
2025-03-14 19:29:50,874 - INFO - Inside FetchUserDetailsView!
2025-03-14 19:29:50,897 - INFO - Custom MySQL connection established successfully!
2025-03-14 19:29:50,949 - INFO - Custom MySQL connection established successfully!
2025-03-14 19:29:50,951 - INFO - Inside fetch_user_details!
2025-03-14 19:29:51,021 - INFO - Custom MySQL connection closed successfully.
2025-03-14 19:29:51,023 - INFO - Custom MySQL connection closed successfully.
2025-03-14 19:29:52,664 - INFO - Inside FetchUserDetailsView!
2025-03-14 19:29:52,689 - INFO - Custom MySQL connection established successfully!
2025-03-14 19:29:52,693 - INFO - Custom MySQL connection established successfully!
2025-03-14 19:29:52,698 - INFO - Inside fetch_user_details!
2025-03-14 19:29:52,708 - INFO - Custom MySQL connection closed successfully.
2025-03-14 19:29:52,710 - INFO - Custom MySQL connection closed successfully.
2025-03-14 19:31:16,533 - INFO - Inside FetchUserDetailsView!
2025-03-14 19:31:16,552 - INFO - Custom MySQL connection established successfully!
2025-03-14 19:31:16,563 - INFO - Custom MySQL connection established successfully!
2025-03-14 19:31:16,564 - INFO - Custom MySQL connection closed successfully.
2025-03-14 19:31:16,564 - INFO - Inside fetch_user_details!
2025-03-14 19:31:16,574 - INFO - Custom MySQL connection closed successfully.
2025-03-14 19:31:51,295 - INFO - Inside FetchUserDetailsView!
2025-03-14 19:31:51,319 - INFO - Custom MySQL connection established successfully!
2025-03-14 19:31:51,328 - INFO - Custom MySQL connection established successfully!
2025-03-14 19:31:51,333 - INFO - Custom MySQL connection closed successfully.
2025-03-14 19:31:51,333 - INFO - Inside fetch_user_details!
2025-03-14 19:31:51,340 - INFO - Custom MySQL connection closed successfully.
2025-03-14 19:32:26,355 - INFO - Inside FetchUserDetailsView!
2025-03-14 19:32:26,394 - INFO - Custom MySQL connection established successfully!
2025-03-14 19:32:26,398 - INFO - Custom MySQL connection established successfully!
2025-03-14 19:32:26,400 - INFO - Inside fetch_user_details!
2025-03-14 19:32:26,410 - INFO - Custom MySQL connection closed successfully.
2025-03-14 19:32:26,411 - INFO - Custom MySQL connection closed successfully.
2025-03-14 19:32:42,489 - INFO - Inside FetchUserDetailsView!
2025-03-14 19:32:42,525 - INFO - Custom MySQL connection established successfully!
2025-03-14 19:32:42,527 - INFO - Inside fetch_user_details!
2025-03-14 19:32:42,530 - INFO - Custom MySQL connection established successfully!
2025-03-14 19:32:42,536 - INFO - Custom MySQL connection closed successfully.
2025-03-14 19:32:42,558 - INFO - Custom MySQL connection closed successfully.
2025-03-14 19:35:42,773 - INFO - Inside FetchUserDetailsView!
2025-03-14 19:35:42,778 - INFO - Inside FetchDealerDetailsView!
2025-03-14 19:35:42,789 - INFO - Custom MySQL connection established successfully!
2025-03-14 19:35:42,800 - INFO - Custom MySQL connection established successfully!
2025-03-14 19:35:42,805 - INFO - Inside fetch_user_details!
2025-03-14 19:35:42,806 - INFO - Custom MySQL connection closed successfully.
2025-03-14 19:35:42,819 - INFO - Custom MySQL connection established successfully!
2025-03-14 19:35:42,825 - INFO - Inside fetch_dealer_details!
2025-03-14 19:35:42,825 - INFO - Custom MySQL connection closed successfully.
2025-03-14 19:35:42,857 - INFO - Inside fetch_user_details!
2025-03-14 19:35:42,879 - INFO - Custom MySQL connection closed successfully.
2025-03-14 19:36:30,046 - INFO - Inside FetchUserDetailsView!
2025-03-14 19:36:30,086 - INFO - Inside FetchDealerDetailsView!
2025-03-14 19:36:30,163 - INFO - Custom MySQL connection established successfully!
2025-03-14 19:36:30,167 - INFO - Custom MySQL connection established successfully!
2025-03-14 19:36:30,169 - INFO - Inside fetch_user_details!
2025-03-14 19:36:30,177 - INFO - Custom MySQL connection established successfully!
2025-03-14 19:36:30,190 - INFO - Inside fetch_dealer_details!
2025-03-14 19:36:30,199 - INFO - Custom MySQL connection closed successfully.
2025-03-14 19:36:30,203 - INFO - Custom MySQL connection closed successfully.
2025-03-14 19:36:30,219 - INFO - Inside fetch_user_details!
2025-03-14 19:36:30,246 - INFO - Custom MySQL connection closed successfully.
2025-03-14 19:36:35,468 - INFO - Inside FetchDealerDetailsView!
2025-03-14 19:36:35,488 - INFO - Custom MySQL connection established successfully!
2025-03-14 19:36:35,489 - INFO - Inside fetch_dealer_details!
2025-03-14 19:36:35,495 - INFO - Inside fetch_user_details!
2025-03-14 19:36:35,500 - INFO - Custom MySQL connection closed successfully.
2025-03-14 19:36:49,695 - INFO - Inside FetchDealerDetailsView!
2025-03-14 19:36:49,731 - INFO - Custom MySQL connection established successfully!
2025-03-14 19:36:49,732 - INFO - Inside fetch_dealer_details!
2025-03-14 19:36:49,737 - INFO - Inside fetch_user_details!
2025-03-14 19:36:49,742 - INFO - Custom MySQL connection closed successfully.
2025-03-14 19:38:35,374 - INFO - Inside FetchUserDetailsView!
2025-03-14 19:38:35,390 - INFO - Inside FetchDealerDetailsView!
2025-03-14 19:38:35,419 - INFO - Custom MySQL connection established successfully!
2025-03-14 19:38:35,443 - INFO - Custom MySQL connection closed successfully.
2025-03-14 19:38:35,458 - INFO - Custom MySQL connection established successfully!
2025-03-14 19:38:35,461 - INFO - Custom MySQL connection established successfully!
2025-03-14 19:38:35,463 - INFO - Inside fetch_dealer_details!
2025-03-14 19:38:35,465 - INFO - Inside fetch_user_details!
2025-03-14 19:38:35,485 - INFO - Custom MySQL connection closed successfully.
2025-03-14 19:38:35,522 - INFO - Inside fetch_user_details!
2025-03-14 19:38:35,534 - INFO - Custom MySQL connection closed successfully.
2025-03-14 19:38:36,824 - INFO - Inside FetchDealerDetailsView!
2025-03-14 19:38:36,840 - INFO - Custom MySQL connection established successfully!
2025-03-14 19:38:36,840 - INFO - Inside fetch_dealer_details!
2025-03-14 19:38:36,849 - INFO - Inside fetch_user_details!
2025-03-14 19:38:36,855 - INFO - Custom MySQL connection closed successfully.
2025-03-14 19:39:07,494 - INFO - D:\Akshata\Food-Factory-Management-System\food_factory_backend\food_factory_backend\settings.py changed, reloading.
2025-03-14 19:43:44,116 - INFO - D:\Akshata\Food-Factory-Management-System\food_factory_backend\food_factory_backend\settings.py changed, reloading.
2025-03-14 19:44:21,995 - INFO - Inside FetchUserDetailsView!
2025-03-14 19:44:21,998 - INFO - Inside FetchDealerDetailsView!
2025-03-14 19:47:56,113 - INFO - Inside SignInUserView!
2025-03-14 19:47:56,326 - INFO - Custom MySQL connection established successfully!
2025-03-14 19:47:56,327 - INFO - Inside CustomAuthBackend!
2025-03-14 19:47:56,327 - INFO - fetch_user_by_email! 
2025-03-14 19:47:56,380 - INFO - User Authenticated...
2025-03-14 19:47:56,382 - INFO - SignInUserView END...
2025-03-14 19:47:56,384 - INFO - Custom MySQL connection closed successfully.
2025-03-14 19:47:56,444 - INFO - Inside FetchUserDetailsView!
2025-03-14 19:47:56,452 - INFO - Inside FetchDealerDetailsView!
2025-03-14 19:47:56,477 - INFO - Custom MySQL connection established successfully!
2025-03-14 19:47:56,480 - INFO - Inside fetch_user_details!
2025-03-14 19:47:56,492 - INFO - Custom MySQL connection closed successfully.
2025-03-14 19:47:56,505 - INFO - Custom MySQL connection established successfully!
2025-03-14 19:47:56,508 - INFO - Inside fetch_dealer_details!
2025-03-14 19:47:56,524 - INFO - Custom MySQL connection established successfully!
2025-03-14 19:47:56,542 - INFO - Custom MySQL connection closed successfully.
2025-03-14 19:47:56,557 - INFO - Inside fetch_user_details!
2025-03-14 19:47:56,563 - INFO - Custom MySQL connection closed successfully.
2025-03-14 19:47:58,390 - INFO - Inside FetchDealerDetailsView!
2025-03-14 19:47:58,411 - INFO - Custom MySQL connection established successfully!
2025-03-14 19:47:58,412 - INFO - Inside fetch_dealer_details!
2025-03-14 19:47:58,421 - INFO - Inside fetch_user_details!
2025-03-14 19:47:58,430 - INFO - Custom MySQL connection closed successfully.
2025-03-14 19:48:43,524 - INFO - Inside SignInUserView!
2025-03-14 19:48:43,531 - INFO - Custom MySQL connection established successfully!
2025-03-14 19:48:43,532 - INFO - Inside CustomAuthBackend!
2025-03-14 19:48:43,532 - INFO - fetch_user_by_email! 
2025-03-14 19:48:43,536 - INFO - User Not Found
2025-03-14 19:48:43,965 - INFO - Custom MySQL connection closed successfully.
2025-03-14 19:48:43,966 - WARNING - Unauthorized: /user/signIn/
2025-03-14 19:48:49,072 - INFO - Inside SignInUserView!
2025-03-14 19:48:49,080 - INFO - Custom MySQL connection established successfully!
2025-03-14 19:48:49,081 - INFO - Inside CustomAuthBackend!
2025-03-14 19:48:49,081 - INFO - fetch_user_by_email! 
2025-03-14 19:48:49,086 - INFO - User Authenticated...
2025-03-14 19:48:49,087 - INFO - SignInUserView END...
2025-03-14 19:48:49,090 - INFO - Custom MySQL connection closed successfully.
2025-03-14 19:48:49,134 - INFO - Inside FetchUserDetailsView!
2025-03-14 19:48:49,137 - INFO - Inside FetchDealerDetailsView!
2025-03-14 19:48:49,164 - INFO - Custom MySQL connection established successfully!
2025-03-14 19:48:49,185 - INFO - Custom MySQL connection established successfully!
2025-03-14 19:48:49,192 - INFO - Inside fetch_user_details!
2025-03-14 19:48:49,203 - INFO - Custom MySQL connection closed successfully.
2025-03-14 19:48:49,209 - INFO - Custom MySQL connection established successfully!
2025-03-14 19:48:49,218 - INFO - Inside fetch_dealer_details!
2025-03-14 19:48:49,218 - INFO - Custom MySQL connection closed successfully.
2025-03-14 19:48:49,264 - INFO - Inside fetch_user_details!
2025-03-14 19:48:49,267 - INFO - Custom MySQL connection closed successfully.
2025-03-14 22:10:35,357 - INFO - D:\Akshata\Food-Factory-Management-System\food_factory_backend\apps\users\views.py changed, reloading.
2025-03-14 22:11:04,960 - INFO - D:\Akshata\Food-Factory-Management-System\food_factory_backend\apps\users\urls.py changed, reloading.
2025-03-14 22:11:10,100 - INFO - D:\Akshata\Food-Factory-Management-System\food_factory_backend\apps\users\urls.py changed, reloading.
2025-03-14 22:11:20,687 - INFO - D:\Akshata\Food-Factory-Management-System\food_factory_backend\apps\users\urls.py changed, reloading.
2025-03-15 15:39:10,828 - INFO - D:\Akshata\Food-Factory-Management-System\food_factory_backend\apps\users\views.py changed, reloading.
2025-03-15 15:39:15,152 - INFO - D:\Akshata\Food-Factory-Management-System\food_factory_backend\apps\users\views.py changed, reloading.
2025-03-15 15:39:30,721 - INFO - D:\Akshata\Food-Factory-Management-System\food_factory_backend\apps\users\views.py changed, reloading.
2025-03-15 15:44:53,660 - INFO - D:\Akshata\Food-Factory-Management-System\food_factory_backend\services\user\users.py changed, reloading.
2025-03-15 15:45:00,958 - INFO - D:\Akshata\Food-Factory-Management-System\food_factory_backend\services\user\users.py changed, reloading.
2025-03-15 15:45:05,042 - INFO - D:\Akshata\Food-Factory-Management-System\food_factory_backend\services\user\users.py changed, reloading.
2025-03-15 15:45:10,037 - INFO - D:\Akshata\Food-Factory-Management-System\food_factory_backend\services\user\users.py changed, reloading.
2025-03-15 15:48:59,849 - INFO - Inside SignInUserView!
2025-03-15 15:49:00,009 - INFO - Custom MySQL connection established successfully!
2025-03-15 15:49:00,011 - INFO - Inside CustomAuthBackend!
2025-03-15 15:49:00,011 - INFO - fetch_user_by_email! 
2025-03-15 15:49:00,105 - INFO - User Authenticated...
2025-03-15 15:49:00,105 - ERROR - Error in SignInUserView
2025-03-15 15:49:00,106 - INFO - Custom MySQL connection closed successfully.
2025-03-15 15:49:00,107 - ERROR - Internal Server Error: /user/signIn/
2025-03-15 15:49:06,226 - INFO - Inside SignInUserView!
2025-03-15 15:49:06,248 - INFO - Custom MySQL connection established successfully!
2025-03-15 15:49:06,249 - INFO - Inside CustomAuthBackend!
2025-03-15 15:49:06,249 - INFO - fetch_user_by_email! 
2025-03-15 15:49:06,255 - INFO - User Authenticated...
2025-03-15 15:49:06,255 - ERROR - Error in SignInUserView
2025-03-15 15:49:06,257 - INFO - Custom MySQL connection closed successfully.
2025-03-15 15:49:06,257 - ERROR - Internal Server Error: /user/signIn/
2025-03-15 15:49:33,390 - INFO - D:\Akshata\Food-Factory-Management-System\food_factory_backend\apps\users\views.py changed, reloading.
2025-03-15 15:49:36,962 - INFO - Inside SignInUserView!
2025-03-15 15:49:37,010 - INFO - Custom MySQL connection established successfully!
2025-03-15 15:49:37,011 - INFO - Inside CustomAuthBackend!
2025-03-15 15:49:37,011 - INFO - fetch_user_by_email! 
2025-03-15 15:49:37,018 - INFO - User Authenticated...
2025-03-15 15:49:37,021 - INFO - SignInUserView END...
2025-03-15 15:49:37,022 - INFO - Custom MySQL connection closed successfully.
2025-03-15 15:49:37,075 - INFO - Inside FetchUserDetailsView!
2025-03-15 15:49:37,077 - INFO - Inside FetchDealerDetailsView!
2025-03-15 15:49:37,091 - INFO - Custom MySQL connection established successfully!
2025-03-15 15:49:37,106 - INFO - Custom MySQL connection established successfully!
2025-03-15 15:49:37,108 - INFO - Inside fetch_user_details!
2025-03-15 15:49:37,118 - INFO - Custom MySQL connection established successfully!
2025-03-15 15:49:37,118 - INFO - Custom MySQL connection closed successfully.
2025-03-15 15:49:37,120 - INFO - Inside fetch_dealer_details!
2025-03-15 15:49:37,121 - INFO - Custom MySQL connection closed successfully.
2025-03-15 15:49:37,146 - INFO - Inside fetch_user_details!
2025-03-15 15:49:37,149 - INFO - Custom MySQL connection closed successfully.
2025-03-15 15:49:44,839 - INFO - Inside FetchDealerDetailsView!
2025-03-15 15:49:44,848 - INFO - Custom MySQL connection established successfully!
2025-03-15 15:49:44,848 - INFO - Inside fetch_dealer_details!
2025-03-15 15:49:44,855 - INFO - Inside fetch_user_details!
2025-03-15 15:49:44,862 - INFO - Custom MySQL connection closed successfully.
2025-03-15 15:50:29,782 - INFO - D:\Akshata\Food-Factory-Management-System\food_factory_backend\services\user\users.py changed, reloading.
2025-03-15 15:51:24,356 - INFO - D:\Akshata\Food-Factory-Management-System\food_factory_backend\services\user\users.py changed, reloading.
2025-03-15 15:51:37,282 - INFO - D:\Akshata\Food-Factory-Management-System\food_factory_backend\services\user\users.py changed, reloading.
2025-03-15 15:51:44,325 - INFO - D:\Akshata\Food-Factory-Management-System\food_factory_backend\services\user\users.py changed, reloading.
2025-03-15 20:19:25,194 - INFO - D:\Akshata\Food-Factory-Management-System\food_factory_backend\constants\queries.py changed, reloading.
2025-03-15 20:19:30,309 - INFO - D:\Akshata\Food-Factory-Management-System\food_factory_backend\constants\queries.py changed, reloading.
2025-03-15 20:19:40,014 - INFO - D:\Akshata\Food-Factory-Management-System\food_factory_backend\services\user\users.py changed, reloading.
2025-03-15 20:19:56,851 - INFO - D:\Akshata\Food-Factory-Management-System\food_factory_backend\services\user\users.py changed, reloading.
2025-03-15 20:22:00,924 - INFO - Inside FetchUserDetailsView!
2025-03-15 20:22:00,935 - INFO - Inside FetchDealerDetailsView!
2025-03-15 20:22:01,391 - INFO - Custom MySQL connection established successfully!
2025-03-15 20:22:01,395 - INFO - Custom MySQL connection established successfully!
2025-03-15 20:22:01,399 - INFO - Custom MySQL connection established successfully!
2025-03-15 20:22:01,404 - INFO - Inside fetch_user_details!
2025-03-15 20:22:01,405 - INFO - Inside fetch_dealer_details!
2025-03-15 20:22:01,430 - INFO - Custom MySQL connection closed successfully.
2025-03-15 20:22:01,430 - INFO - Custom MySQL connection closed successfully.
2025-03-15 20:22:01,466 - INFO - Inside fetch_user_details!
2025-03-15 20:22:01,476 - INFO - Custom MySQL connection closed successfully.
2025-03-15 20:22:11,197 - INFO - Inside SignInUserView!
2025-03-15 20:22:11,216 - INFO - Custom MySQL connection established successfully!
2025-03-15 20:22:11,217 - INFO - Inside CustomAuthBackend!
2025-03-15 20:22:11,219 - INFO - fetch_user_by_email! 
2025-03-15 20:22:11,241 - INFO - User Not Found
2025-03-15 20:22:11,692 - INFO - Custom MySQL connection closed successfully.
2025-03-15 20:22:11,694 - WARNING - Unauthorized: /user/signIn/
2025-03-15 20:22:26,827 - INFO - Inside SignInUserView!
2025-03-15 20:22:26,843 - INFO - Custom MySQL connection established successfully!
2025-03-15 20:22:26,844 - INFO - Inside CustomAuthBackend!
2025-03-15 20:22:26,845 - INFO - fetch_user_by_email! 
2025-03-15 20:22:26,849 - INFO - User Not Found
2025-03-15 20:22:26,887 - INFO - Custom MySQL connection closed successfully.
2025-03-15 20:22:26,889 - WARNING - Unauthorized: /user/signIn/
2025-03-15 20:24:55,800 - INFO - Inside SignInUserView!
2025-03-15 20:24:55,822 - INFO - Custom MySQL connection established successfully!
2025-03-15 20:24:55,824 - INFO - Inside CustomAuthBackend!
2025-03-15 20:24:55,825 - INFO - fetch_user_by_email! 
2025-03-15 20:24:55,869 - INFO - User Authenticated...
2025-03-15 20:24:55,874 - INFO - SignInUserView END...
2025-03-15 20:24:55,877 - INFO - Custom MySQL connection closed successfully.
2025-03-15 21:09:53,460 - INFO - Inside FetchDealerDetailsView!
2025-03-15 21:09:53,538 - INFO - Custom MySQL connection established successfully!
2025-03-15 21:09:53,539 - INFO - Inside fetch_dealer_details!
2025-03-15 21:09:53,563 - INFO - Inside fetch_user_details!
2025-03-15 21:09:53,567 - INFO - Custom MySQL connection closed successfully.
2025-03-15 21:11:59,037 - INFO - Inside FetchDealerDetailsView!
2025-03-15 21:11:59,068 - INFO - Custom MySQL connection established successfully!
2025-03-15 21:11:59,069 - INFO - Inside fetch_dealer_details!
2025-03-15 21:11:59,077 - INFO - Inside fetch_user_details!
2025-03-15 21:11:59,084 - INFO - Custom MySQL connection closed successfully.
2025-03-15 21:13:32,304 - INFO - Inside FetchDealerDetailsView!
2025-03-15 21:13:32,322 - INFO - Custom MySQL connection established successfully!
2025-03-15 21:13:32,322 - INFO - Inside fetch_dealer_details!
2025-03-15 21:13:32,333 - INFO - Inside fetch_user_details!
2025-03-15 21:13:32,338 - INFO - Custom MySQL connection closed successfully.
2025-03-15 21:13:52,265 - INFO - Inside FetchDealerDetailsView!
2025-03-15 21:13:52,293 - INFO - Custom MySQL connection established successfully!
2025-03-15 21:13:52,293 - INFO - Inside fetch_dealer_details!
2025-03-15 21:13:52,305 - INFO - Inside fetch_user_details!
2025-03-15 21:13:52,311 - INFO - Custom MySQL connection closed successfully.
2025-03-15 21:16:01,521 - INFO - Inside DBConfigView!
2025-03-15 21:16:01,546 - INFO - Custom MySQL connection established successfully!
2025-03-15 21:16:01,548 - INFO - Inside fetch_db_config_data!
2025-03-15 21:16:01,573 - INFO - DBConfigView END...
2025-03-15 21:16:01,576 - INFO - Custom MySQL connection closed successfully.
2025-03-15 21:17:23,081 - INFO - Inside DBConfigView!
2025-03-15 21:17:23,111 - INFO - Custom MySQL connection established successfully!
2025-03-15 21:17:23,114 - INFO - Inside fetch_db_config_data!
2025-03-15 21:17:23,126 - INFO - DBConfigView END...
2025-03-15 21:17:23,131 - INFO - Custom MySQL connection closed successfully.
2025-03-15 21:17:26,727 - INFO - Inside DBConfigView!
2025-03-15 21:17:26,779 - INFO - Custom MySQL connection established successfully!
2025-03-15 21:17:26,782 - INFO - Inside fetch_db_config_data!
2025-03-15 21:17:26,792 - INFO - DBConfigView END...
2025-03-15 21:17:26,799 - INFO - Custom MySQL connection closed successfully.
2025-03-15 21:17:43,841 - INFO - Inside DBConfigView!
2025-03-15 21:17:43,874 - INFO - Custom MySQL connection established successfully!
2025-03-15 21:17:43,876 - INFO - Inside fetch_db_config_data!
2025-03-15 21:17:43,886 - INFO - DBConfigView END...
2025-03-15 21:17:43,888 - INFO - Custom MySQL connection closed successfully.
2025-03-15 21:18:05,951 - INFO - Inside DBConfigView!
2025-03-15 21:18:05,985 - INFO - Custom MySQL connection established successfully!
2025-03-15 21:18:05,986 - INFO - Inside fetch_db_config_data!
2025-03-15 21:18:05,994 - INFO - DBConfigView END...
2025-03-15 21:18:05,997 - INFO - Custom MySQL connection closed successfully.
2025-03-15 21:19:56,137 - INFO - Inside DBConfigView!
2025-03-15 21:19:56,166 - INFO - Custom MySQL connection established successfully!
2025-03-15 21:19:56,167 - INFO - Inside fetch_db_config_data!
2025-03-15 21:19:56,173 - INFO - DBConfigView END...
2025-03-15 21:19:56,176 - INFO - Custom MySQL connection closed successfully.
2025-03-15 21:23:26,308 - INFO - Inside DBConfigView!
2025-03-15 21:23:26,337 - INFO - Custom MySQL connection established successfully!
2025-03-15 21:23:26,339 - INFO - Inside fetch_db_config_data!
2025-03-15 21:23:26,346 - INFO - DBConfigView END...
2025-03-15 21:23:26,348 - INFO - Custom MySQL connection closed successfully.
2025-03-15 21:23:28,178 - INFO - Inside DBConfigView!
2025-03-15 21:23:28,194 - INFO - Custom MySQL connection established successfully!
2025-03-15 21:23:28,196 - INFO - Inside fetch_db_config_data!
2025-03-15 21:23:28,201 - INFO - DBConfigView END...
2025-03-15 21:23:28,202 - INFO - Custom MySQL connection closed successfully.
2025-03-15 21:23:42,126 - INFO - Inside DBConfigView!
2025-03-15 21:23:42,149 - INFO - Custom MySQL connection established successfully!
2025-03-15 21:23:42,151 - INFO - Inside fetch_db_config_data!
2025-03-15 21:23:42,156 - INFO - DBConfigView END...
2025-03-15 21:23:42,159 - INFO - Custom MySQL connection closed successfully.
2025-03-15 21:24:10,364 - INFO - Inside DBConfigView!
2025-03-15 21:24:10,406 - INFO - Custom MySQL connection established successfully!
2025-03-15 21:24:10,407 - INFO - Inside fetch_db_config_data!
2025-03-15 21:24:10,413 - INFO - DBConfigView END...
2025-03-15 21:24:10,416 - INFO - Custom MySQL connection closed successfully.
2025-03-15 21:24:12,973 - INFO - Inside DBConfigView!
2025-03-15 21:24:13,007 - INFO - Custom MySQL connection established successfully!
2025-03-15 21:24:13,008 - INFO - Inside fetch_db_config_data!
2025-03-15 21:24:13,015 - INFO - DBConfigView END...
2025-03-15 21:24:13,016 - INFO - Custom MySQL connection closed successfully.
2025-03-15 21:24:18,452 - INFO - Inside DBConfigView!
2025-03-15 21:24:18,476 - INFO - Custom MySQL connection established successfully!
2025-03-15 21:24:18,477 - INFO - Inside fetch_db_config_data!
2025-03-15 21:24:18,481 - INFO - DBConfigView END...
2025-03-15 21:24:18,485 - INFO - Custom MySQL connection closed successfully.
2025-03-15 21:24:41,706 - INFO - Inside DBConfigView!
2025-03-15 21:24:41,736 - INFO - Custom MySQL connection established successfully!
2025-03-15 21:24:41,738 - INFO - Inside fetch_db_config_data!
2025-03-15 21:24:41,747 - INFO - DBConfigView END...
2025-03-15 21:24:41,751 - INFO - Custom MySQL connection closed successfully.
2025-03-15 21:25:14,142 - INFO - Inside DBConfigView!
2025-03-15 21:25:14,168 - INFO - Custom MySQL connection established successfully!
2025-03-15 21:25:14,170 - INFO - Inside fetch_db_config_data!
2025-03-15 21:25:14,181 - INFO - DBConfigView END...
2025-03-15 21:25:14,184 - INFO - Custom MySQL connection closed successfully.
2025-03-15 21:25:16,111 - INFO - Inside DBConfigView!
2025-03-15 21:25:16,126 - INFO - Custom MySQL connection established successfully!
2025-03-15 21:25:16,127 - INFO - Inside fetch_db_config_data!
2025-03-15 21:25:16,132 - INFO - DBConfigView END...
2025-03-15 21:25:16,135 - INFO - Custom MySQL connection closed successfully.
2025-03-15 21:25:18,064 - INFO - Inside DBConfigView!
2025-03-15 21:25:18,098 - INFO - Custom MySQL connection established successfully!
2025-03-15 21:25:18,100 - INFO - Inside fetch_db_config_data!
2025-03-15 21:25:18,106 - INFO - DBConfigView END...
2025-03-15 21:25:18,109 - INFO - Custom MySQL connection closed successfully.
2025-03-15 21:25:28,652 - INFO - Inside DBConfigView!
2025-03-15 21:25:28,686 - INFO - Custom MySQL connection established successfully!
2025-03-15 21:25:28,687 - INFO - Inside fetch_db_config_data!
2025-03-15 21:25:28,692 - INFO - DBConfigView END...
2025-03-15 21:25:28,696 - INFO - Custom MySQL connection closed successfully.
2025-03-15 21:27:40,992 - INFO - D:\Akshata\Food-Factory-Management-System\food_factory_backend\constants\constant.py changed, reloading.
2025-03-15 21:29:33,184 - INFO - D:\Akshata\Food-Factory-Management-System\food_factory_backend\services\user\users.py changed, reloading.
2025-03-15 21:30:17,785 - INFO - D:\Akshata\Food-Factory-Management-System\food_factory_backend\services\user\users.py changed, reloading.
2025-03-15 21:30:30,213 - INFO - D:\Akshata\Food-Factory-Management-System\food_factory_backend\services\user\users.py changed, reloading.
2025-03-15 21:35:58,519 - INFO - Inside DBConfigView!
2025-03-15 21:35:58,890 - INFO - Custom MySQL connection established successfully!
2025-03-15 21:35:58,891 - INFO - Inside fetch_db_config_data!
2025-03-15 21:35:58,926 - INFO - DBConfigView END...
2025-03-15 21:35:58,929 - INFO - Custom MySQL connection closed successfully.
2025-03-15 21:36:10,240 - INFO - Inside SignInUserView!
2025-03-15 21:36:10,265 - INFO - Custom MySQL connection established successfully!
2025-03-15 21:36:10,265 - INFO - Inside CustomAuthBackend!
2025-03-15 21:36:10,267 - INFO - fetch_user_by_email! 
2025-03-15 21:36:10,329 - INFO - User Authenticated...
2025-03-15 21:36:10,330 - INFO - SignInUserView END...
2025-03-15 21:36:10,332 - INFO - Custom MySQL connection closed successfully.
2025-03-15 21:36:10,388 - INFO - Inside FetchUserDetailsView!
2025-03-15 21:36:10,395 - INFO - Inside FetchDealerDetailsView!
2025-03-15 21:36:10,403 - INFO - Custom MySQL connection established successfully!
2025-03-15 21:36:10,409 - INFO - Custom MySQL connection established successfully!
2025-03-15 21:36:10,410 - INFO - Inside fetch_user_details!
2025-03-15 21:36:10,420 - INFO - Custom MySQL connection closed successfully.
2025-03-15 21:36:10,423 - INFO - Custom MySQL connection established successfully!
2025-03-15 21:36:10,423 - INFO - Custom MySQL connection closed successfully.
2025-03-15 21:36:10,432 - INFO - Inside fetch_dealer_details!
2025-03-15 21:36:10,472 - INFO - Inside fetch_user_details!
2025-03-15 21:36:10,478 - INFO - Custom MySQL connection closed successfully.
2025-03-15 21:36:11,910 - INFO - Inside FetchDealerDetailsView!
2025-03-15 21:36:11,923 - INFO - Custom MySQL connection established successfully!
2025-03-15 21:36:11,924 - INFO - Inside fetch_dealer_details!
2025-03-15 21:36:11,935 - INFO - Inside fetch_user_details!
2025-03-15 21:36:11,938 - INFO - Custom MySQL connection closed successfully.
2025-03-15 21:36:49,688 - INFO - Inside UpdateDealerDetailsView!
2025-03-15 21:36:49,708 - INFO - Custom MySQL connection established successfully!
2025-03-15 21:36:49,709 - INFO - Inside update_dealer_details!
2025-03-15 21:36:49,711 - INFO - Inside update_user_data!
2025-03-15 21:36:49,712 - INFO - Update Query - 
    UPDATE users SET
 username = %s WHERE id = %s
2025-03-15 21:36:49,755 - INFO - update_user_data END...
2025-03-15 21:36:49,755 - INFO - Dealer details updated successfully.
2025-03-15 21:36:49,757 - INFO - Custom MySQL connection closed successfully.
2025-03-15 21:36:49,768 - INFO - Inside FetchDealerDetailsView!
2025-03-15 21:36:49,781 - INFO - Custom MySQL connection established successfully!
2025-03-15 21:36:49,781 - INFO - Inside fetch_dealer_details!
2025-03-15 21:36:49,794 - INFO - Inside fetch_user_details!
2025-03-15 21:36:49,799 - INFO - Custom MySQL connection closed successfully.
2025-03-15 21:37:52,505 - INFO - Inside UpdateDealerDetailsView!
2025-03-15 21:37:52,522 - INFO - Custom MySQL connection established successfully!
2025-03-15 21:37:52,524 - INFO - Inside update_dealer_details!
2025-03-15 21:37:52,526 - INFO - Inside fetch_user_details!
2025-03-15 21:37:52,529 - INFO - Update Query - 
    UPDATE dealerdetails SET 
 shop_name = %s WHERE user_id = %s
2025-03-15 21:37:52,559 - INFO - update_dealer_details END...
2025-03-15 21:37:52,559 - INFO - Dealer details updated successfully.
2025-03-15 21:37:52,561 - INFO - Custom MySQL connection closed successfully.
2025-03-15 21:37:52,573 - INFO - Inside FetchDealerDetailsView!
2025-03-15 21:37:52,590 - INFO - Custom MySQL connection established successfully!
2025-03-15 21:37:52,590 - INFO - Inside fetch_dealer_details!
2025-03-15 21:37:52,594 - INFO - Inside fetch_user_details!
2025-03-15 21:37:52,597 - INFO - Custom MySQL connection closed successfully.
2025-03-15 21:38:22,302 - INFO - D:\Akshata\Food-Factory-Management-System\food_factory_backend\constants\queries.py changed, reloading.
2025-03-15 21:38:56,047 - INFO - D:\Akshata\Food-Factory-Management-System\food_factory_backend\services\user\users.py changed, reloading.
2025-03-15 21:39:20,621 - INFO - D:\Akshata\Food-Factory-Management-System\food_factory_backend\services\user\users.py changed, reloading.
2025-03-15 21:39:30,577 - INFO - D:\Akshata\Food-Factory-Management-System\food_factory_backend\services\user\users.py changed, reloading.
2025-03-15 21:39:35,034 - INFO - D:\Akshata\Food-Factory-Management-System\food_factory_backend\services\user\users.py changed, reloading.
2025-03-15 21:40:05,458 - INFO - D:\Akshata\Food-Factory-Management-System\food_factory_backend\services\user\users.py changed, reloading.
2025-03-15 21:40:10,146 - INFO - D:\Akshata\Food-Factory-Management-System\food_factory_backend\services\user\users.py changed, reloading.
2025-03-15 21:40:14,472 - INFO - D:\Akshata\Food-Factory-Management-System\food_factory_backend\services\user\users.py changed, reloading.
2025-03-15 21:40:20,089 - INFO - D:\Akshata\Food-Factory-Management-System\food_factory_backend\services\user\users.py changed, reloading.
2025-03-15 21:40:32,188 - INFO - D:\Akshata\Food-Factory-Management-System\food_factory_backend\constants\queries.py changed, reloading.
2025-03-15 21:40:41,140 - INFO - D:\Akshata\Food-Factory-Management-System\food_factory_backend\constants\queries.py changed, reloading.
2025-03-15 21:40:46,461 - INFO - D:\Akshata\Food-Factory-Management-System\food_factory_backend\constants\queries.py changed, reloading.
2025-03-15 21:40:50,700 - INFO - D:\Akshata\Food-Factory-Management-System\food_factory_backend\constants\queries.py changed, reloading.
2025-03-15 21:40:58,269 - INFO - D:\Akshata\Food-Factory-Management-System\food_factory_backend\services\user\users.py changed, reloading.
2025-03-15 21:41:09,737 - INFO - D:\Akshata\Food-Factory-Management-System\food_factory_backend\services\user\users.py changed, reloading.
2025-03-15 21:55:50,052 - INFO - Inside FetchUserDetailsView!
2025-03-15 21:55:50,217 - INFO - Inside FetchDealerDetailsView!
2025-03-15 21:55:50,296 - INFO - Custom MySQL connection established successfully!
2025-03-15 21:55:50,299 - INFO - Custom MySQL connection established successfully!
2025-03-15 21:55:50,304 - INFO - Inside fetch_dealer_details!
2025-03-15 21:55:50,322 - INFO - Custom MySQL connection closed successfully.
2025-03-15 21:55:50,332 - INFO - Inside fetch_user_details!
2025-03-15 21:55:50,342 - INFO - Custom MySQL connection closed successfully.
2025-03-15 21:55:50,432 - INFO - Custom MySQL connection established successfully!
2025-03-15 21:55:50,433 - INFO - Inside fetch_user_details!
2025-03-15 21:55:50,444 - INFO - Custom MySQL connection closed successfully.
2025-03-15 22:10:50,052 - INFO - D:\Akshata\Food-Factory-Management-System\food_factory_backend\services\user\users.py changed, reloading.
2025-03-15 22:10:56,158 - INFO - Inside FetchDealerDetailsView!
2025-03-15 22:10:56,289 - INFO - Custom MySQL connection established successfully!
2025-03-15 22:10:56,290 - INFO - Inside fetch_dealer_details!
2025-03-15 22:10:56,302 - INFO - Inside fetch_user_details!
2025-03-15 22:10:56,305 - INFO - Custom MySQL connection closed successfully.
2025-03-15 22:11:10,586 - INFO - Inside UpdateDealerDetailsView!
2025-03-15 22:11:10,607 - INFO - Custom MySQL connection established successfully!
2025-03-15 22:11:10,608 - INFO - Inside update_dealer_details!
2025-03-15 22:11:10,610 - INFO - Inside fetch_user_details!
2025-03-15 22:11:10,615 - ERROR - Error updating dealer details: 'dict' object has no attribute 'role'
2025-03-15 22:11:10,617 - INFO - Custom MySQL connection closed successfully.
2025-03-15 22:11:10,957 - ERROR - Internal Server Error: /user/updateDealerDetails/
Traceback (most recent call last):
  File "C:\Python311\Lib\site-packages\django\core\handlers\exception.py", line 55, in inner
    response = get_response(request)
               ^^^^^^^^^^^^^^^^^^^^^
  File "C:\Python311\Lib\site-packages\django\core\handlers\base.py", line 197, in _get_response
    response = wrapped_callback(request, *callback_args, **callback_kwargs)
               ^^^^^^^^^^^^^^^^^^^^^^^^^^^^^^^^^^^^^^^^^^^^^^^^^^^^^^^^^^^^
  File "C:\Python311\Lib\site-packages\django\views\decorators\csrf.py", line 65, in _view_wrapper
    return view_func(request, *args, **kwargs)
           ^^^^^^^^^^^^^^^^^^^^^^^^^^^^^^^^^^^
  File "C:\Python311\Lib\site-packages\django\views\generic\base.py", line 104, in view
    return self.dispatch(request, *args, **kwargs)
           ^^^^^^^^^^^^^^^^^^^^^^^^^^^^^^^^^^^^^^^
  File "C:\Python311\Lib\site-packages\rest_framework\views.py", line 511, in dispatch
    self.response = self.finalize_response(request, response, *args, **kwargs)
                    ^^^^^^^^^^^^^^^^^^^^^^^^^^^^^^^^^^^^^^^^^^^^^^^^^^^^^^^^^^
  File "C:\Python311\Lib\site-packages\rest_framework\views.py", line 423, in finalize_response
    assert isinstance(response, HttpResponseBase), (
AssertionError: Expected a `Response`, `HttpResponse` or `StreamingHttpResponse` to be returned from the view, but received a `<class 'NoneType'>`
2025-03-15 22:12:54,629 - INFO - D:\Akshata\Food-Factory-Management-System\food_factory_backend\services\user\users.py changed, reloading.
2025-03-15 22:13:04,221 - INFO - D:\Akshata\Food-Factory-Management-System\food_factory_backend\services\user\users.py changed, reloading.
2025-03-15 22:13:11,105 - INFO - D:\Akshata\Food-Factory-Management-System\food_factory_backend\services\user\users.py changed, reloading.
2025-03-15 22:13:19,842 - INFO - Inside UpdateDealerDetailsView!
2025-03-15 22:13:19,951 - INFO - Custom MySQL connection established successfully!
2025-03-15 22:13:19,953 - INFO - Inside update_dealer_details!
2025-03-15 22:13:19,954 - INFO - Inside fetch_user_details!
2025-03-15 22:13:19,959 - INFO - Update Query - 
    UPDATE dealerdetails SET 
 shop_name = %s WHERE user_id = %s
2025-03-15 22:13:20,024 - INFO - update_dealer_details END...
2025-03-15 22:13:20,025 - INFO - Dealer details updated successfully.
2025-03-15 22:13:20,026 - INFO - Custom MySQL connection closed successfully.
2025-03-15 22:13:20,038 - INFO - Inside FetchDealerDetailsView!
2025-03-15 22:13:20,055 - INFO - Custom MySQL connection established successfully!
2025-03-15 22:13:20,056 - INFO - Inside fetch_dealer_details!
2025-03-15 22:13:20,077 - INFO - Inside fetch_user_details!
2025-03-15 22:13:20,084 - INFO - Custom MySQL connection closed successfully.
2025-03-15 22:13:33,936 - INFO - Inside SignInUserView!
2025-03-15 22:13:33,953 - INFO - Custom MySQL connection established successfully!
2025-03-15 22:13:33,954 - INFO - Inside CustomAuthBackend!
2025-03-15 22:13:33,956 - INFO - fetch_user_by_email! 
2025-03-15 22:13:33,996 - INFO - User Authenticated...
2025-03-15 22:13:33,999 - INFO - SignInUserView END...
2025-03-15 22:13:34,000 - INFO - Custom MySQL connection closed successfully.
2025-03-15 22:13:36,122 - INFO - Inside FetchDealerDetailsView!
2025-03-15 22:13:36,142 - INFO - Custom MySQL connection established successfully!
2025-03-15 22:13:36,143 - INFO - Inside fetch_dealer_details!
2025-03-15 22:13:36,152 - INFO - Inside fetch_user_details!
2025-03-15 22:13:36,160 - INFO - Custom MySQL connection closed successfully.
2025-03-15 22:13:50,367 - INFO - Inside UpdateDealerDetailsView!
2025-03-15 22:13:50,386 - INFO - Custom MySQL connection established successfully!
2025-03-15 22:13:50,388 - INFO - Inside update_dealer_details!
2025-03-15 22:13:50,388 - INFO - Inside fetch_user_details!
2025-03-15 22:13:50,392 - INFO - Update Query - 
    UPDATE admindetails SET 
 shop_name = %s WHERE user_id = %s
2025-03-15 22:13:50,399 - INFO - update_dealer_details END...
2025-03-15 22:13:50,399 - INFO - Dealer details updated successfully.
2025-03-15 22:13:50,401 - INFO - Custom MySQL connection closed successfully.
2025-03-15 22:13:50,414 - INFO - Inside FetchDealerDetailsView!
2025-03-15 22:13:50,440 - INFO - Custom MySQL connection established successfully!
2025-03-15 22:13:50,441 - INFO - Inside fetch_dealer_details!
2025-03-15 22:13:50,446 - INFO - Inside fetch_user_details!
2025-03-15 22:13:50,452 - INFO - Custom MySQL connection closed successfully.
2025-03-15 22:14:24,604 - INFO - Inside FetchDealerDetailsView!
2025-03-15 22:14:24,627 - INFO - Custom MySQL connection established successfully!
2025-03-15 22:14:24,627 - INFO - Inside fetch_dealer_details!
2025-03-15 22:14:24,631 - INFO - Inside fetch_user_details!
2025-03-15 22:14:24,635 - INFO - Custom MySQL connection closed successfully.
2025-03-15 22:15:18,497 - INFO - Inside FetchDealerDetailsView!
2025-03-15 22:15:18,523 - INFO - Custom MySQL connection established successfully!
2025-03-15 22:15:18,524 - INFO - Inside fetch_dealer_details!
2025-03-15 22:15:18,531 - INFO - Inside fetch_user_details!
2025-03-15 22:15:18,536 - INFO - Custom MySQL connection closed successfully.
2025-03-15 22:15:48,867 - INFO - Inside UpdateDealerDetailsView!
2025-03-15 22:15:48,882 - INFO - Custom MySQL connection established successfully!
2025-03-15 22:15:48,882 - INFO - Inside update_dealer_details!
2025-03-15 22:15:48,884 - INFO - Inside fetch_user_details!
2025-03-15 22:15:48,889 - INFO - Update Query - 
    UPDATE admindetails SET 
 mobile_no = %s WHERE user_id = %s
2025-03-15 22:15:48,894 - INFO - update_dealer_details END...
2025-03-15 22:15:48,896 - INFO - Dealer details updated successfully.
2025-03-15 22:15:48,897 - INFO - Custom MySQL connection closed successfully.
2025-03-15 22:15:48,909 - INFO - Inside FetchDealerDetailsView!
2025-03-15 22:15:48,924 - INFO - Custom MySQL connection established successfully!
2025-03-15 22:15:48,924 - INFO - Inside fetch_dealer_details!
2025-03-15 22:15:48,941 - INFO - Inside fetch_user_details!
2025-03-15 22:15:48,947 - INFO - Custom MySQL connection closed successfully.
2025-03-15 22:16:28,806 - INFO - Inside DBConfigView!
2025-03-15 22:16:28,819 - INFO - Custom MySQL connection established successfully!
2025-03-15 22:16:28,819 - INFO - Inside fetch_db_config_data!
2025-03-15 22:16:28,824 - INFO - DBConfigView END...
2025-03-15 22:16:28,825 - INFO - Custom MySQL connection closed successfully.
2025-03-15 22:16:28,857 - INFO - Inside UpdateDBConfigView!
2025-03-15 22:16:28,871 - INFO - Custom MySQL connection established successfully!
2025-03-15 22:16:28,872 - INFO - Inside update_db_config_data!
2025-03-15 22:16:28,887 - INFO - True
2025-03-15 22:16:28,888 - INFO - DB Config data updated successfully
2025-03-15 22:16:28,890 - INFO - Custom MySQL connection closed successfully.
2025-03-15 22:17:28,030 - INFO - Inside DBConfigView!
2025-03-15 22:17:28,041 - INFO - Custom MySQL connection established successfully!
2025-03-15 22:17:28,042 - INFO - Inside fetch_db_config_data!
2025-03-15 22:17:28,051 - INFO - DBConfigView END...
2025-03-15 22:17:28,054 - INFO - Custom MySQL connection closed successfully.
2025-03-15 22:17:53,564 - INFO - Inside UserInsertView
2025-03-15 22:17:53,579 - INFO - Custom MySQL connection established successfully!
2025-03-15 22:17:53,666 - INFO - Inside fetch_db_config_data!
2025-03-15 22:17:58,017 - INFO - send_email_to_user END....
2025-03-15 22:17:58,051 - INFO - Inside insert_admin_details! user_id: 4
2025-03-15 22:17:58,061 - INFO - insert_admin_details END...
2025-03-15 22:17:58,062 - INFO - Custom MySQL connection closed successfully.
2025-03-15 22:18:04,561 - INFO - Inside SignInUserView!
2025-03-15 22:18:04,578 - INFO - Custom MySQL connection established successfully!
2025-03-15 22:18:04,579 - INFO - Inside CustomAuthBackend!
2025-03-15 22:18:04,581 - INFO - fetch_user_by_email! 
2025-03-15 22:18:04,585 - INFO - User Authenticated...
2025-03-15 22:18:04,586 - INFO - SignInUserView END...
2025-03-15 22:18:04,588 - INFO - Custom MySQL connection closed successfully.
2025-03-15 22:18:07,491 - INFO - Inside FetchDealerDetailsView!
2025-03-15 22:18:07,507 - INFO - Custom MySQL connection established successfully!
2025-03-15 22:18:07,508 - INFO - Inside fetch_dealer_details!
2025-03-15 22:18:07,518 - INFO - Inside fetch_user_details!
2025-03-15 22:18:07,522 - INFO - Custom MySQL connection closed successfully.
2025-03-15 22:18:16,783 - INFO - Inside UpdateDealerDetailsView!
2025-03-15 22:18:16,795 - INFO - Custom MySQL connection established successfully!
2025-03-15 22:18:16,795 - INFO - Inside update_dealer_details!
2025-03-15 22:18:16,795 - INFO - Inside fetch_user_details!
2025-03-15 22:18:16,798 - INFO - Update Query - 
    UPDATE admindetails SET 
 mobile_no = %s WHERE user_id = %s
2025-03-15 22:18:16,811 - INFO - update_dealer_details END...
2025-03-15 22:18:16,811 - INFO - Dealer details updated successfully.
2025-03-15 22:18:16,813 - INFO - Custom MySQL connection closed successfully.
2025-03-15 22:18:16,826 - INFO - Inside FetchDealerDetailsView!
2025-03-15 22:18:16,843 - INFO - Custom MySQL connection established successfully!
2025-03-15 22:18:16,844 - INFO - Inside fetch_dealer_details!
2025-03-15 22:18:16,850 - INFO - Inside fetch_user_details!
2025-03-15 22:18:16,852 - INFO - Custom MySQL connection closed successfully.
2025-03-15 22:18:29,136 - INFO - Inside UpdateDealerDetailsView!
2025-03-15 22:18:29,147 - INFO - Custom MySQL connection established successfully!
2025-03-15 22:18:29,148 - INFO - Inside update_dealer_details!
2025-03-15 22:18:29,148 - INFO - Inside fetch_user_details!
2025-03-15 22:18:29,151 - INFO - Update Query - 
    UPDATE admindetails SET 
 shop_name = %s WHERE user_id = %s
2025-03-15 22:18:29,158 - INFO - update_dealer_details END...
2025-03-15 22:18:29,160 - INFO - Dealer details updated successfully.
2025-03-15 22:18:29,161 - INFO - Custom MySQL connection closed successfully.
2025-03-15 22:18:29,175 - INFO - Inside FetchDealerDetailsView!
2025-03-15 22:18:29,191 - INFO - Custom MySQL connection established successfully!
2025-03-15 22:18:29,191 - INFO - Inside fetch_dealer_details!
2025-03-15 22:18:29,195 - INFO - Inside fetch_user_details!
2025-03-15 22:18:29,200 - INFO - Custom MySQL connection closed successfully.
2025-03-15 22:18:50,190 - INFO - Inside FetchDealerDetailsView!
2025-03-15 22:18:50,210 - INFO - Custom MySQL connection established successfully!
2025-03-15 22:18:50,210 - INFO - Inside fetch_dealer_details!
2025-03-15 22:18:50,214 - INFO - Inside fetch_user_details!
2025-03-15 22:18:50,216 - INFO - Custom MySQL connection closed successfully.
2025-03-15 22:19:22,637 - INFO - Inside FetchDealerDetailsView!
2025-03-15 22:19:22,651 - INFO - Custom MySQL connection established successfully!
2025-03-15 22:19:22,653 - INFO - Inside fetch_dealer_details!
2025-03-15 22:19:22,659 - INFO - Inside fetch_user_details!
2025-03-15 22:19:22,665 - INFO - Custom MySQL connection closed successfully.
2025-03-15 22:22:08,653 - INFO - Inside FetchDealerDetailsView!
2025-03-15 22:22:08,675 - INFO - Custom MySQL connection established successfully!
2025-03-15 22:22:08,675 - INFO - Inside fetch_dealer_details!
2025-03-15 22:22:08,678 - INFO - Inside fetch_user_details!
2025-03-15 22:22:08,684 - INFO - Custom MySQL connection closed successfully.
2025-03-15 22:22:55,996 - INFO - Inside FetchDealerDetailsView!
2025-03-15 22:22:56,021 - INFO - Custom MySQL connection established successfully!
2025-03-15 22:22:56,021 - INFO - Inside fetch_dealer_details!
2025-03-15 22:22:56,025 - INFO - Inside fetch_user_details!
2025-03-15 22:22:56,029 - INFO - Custom MySQL connection closed successfully.
2025-03-15 22:24:27,233 - INFO - Inside FetchDealerDetailsView!
2025-03-15 22:24:27,288 - INFO - Custom MySQL connection established successfully!
2025-03-15 22:24:27,289 - INFO - Inside fetch_dealer_details!
2025-03-15 22:24:27,294 - INFO - Inside fetch_user_details!
2025-03-15 22:24:27,303 - INFO - Custom MySQL connection closed successfully.
2025-03-15 22:27:05,135 - INFO - Inside FetchDealerDetailsView!
2025-03-15 22:27:05,195 - INFO - Custom MySQL connection established successfully!
2025-03-15 22:27:05,196 - INFO - Inside fetch_dealer_details!
2025-03-15 22:27:05,203 - INFO - Inside fetch_user_details!
2025-03-15 22:27:05,207 - INFO - Custom MySQL connection closed successfully.
2025-03-15 22:27:30,357 - INFO - Inside FetchDealerDetailsView!
2025-03-15 22:27:30,396 - INFO - Custom MySQL connection established successfully!
2025-03-15 22:27:30,397 - INFO - Inside fetch_dealer_details!
2025-03-15 22:27:30,439 - INFO - Inside fetch_user_details!
2025-03-15 22:27:30,449 - INFO - Custom MySQL connection closed successfully.
2025-03-15 22:27:55,749 - INFO - Inside FetchDealerDetailsView!
2025-03-15 22:27:55,773 - INFO - Custom MySQL connection established successfully!
2025-03-15 22:27:55,774 - INFO - Inside fetch_dealer_details!
2025-03-15 22:27:55,778 - INFO - Inside fetch_user_details!
2025-03-15 22:27:55,785 - INFO - Custom MySQL connection closed successfully.
2025-03-15 22:29:14,286 - INFO - Inside UpdateDealerDetailsView!
2025-03-15 22:29:14,326 - INFO - Custom MySQL connection established successfully!
2025-03-15 22:29:14,339 - INFO - Inside update_dealer_details!
2025-03-15 22:29:14,349 - INFO - Inside fetch_user_details!
2025-03-15 22:29:14,372 - INFO - Update Query - 
    UPDATE admindetails SET 
 address_payload = %s WHERE user_id = %s
2025-03-15 22:29:14,494 - INFO - update_dealer_details END...
2025-03-15 22:29:14,496 - INFO - Dealer details updated successfully.
2025-03-15 22:29:14,500 - INFO - Custom MySQL connection closed successfully.
2025-03-15 22:29:14,534 - INFO - Inside FetchDealerDetailsView!
2025-03-15 22:29:14,575 - INFO - Custom MySQL connection established successfully!
2025-03-15 22:29:14,576 - INFO - Inside fetch_dealer_details!
2025-03-15 22:29:14,580 - INFO - Inside fetch_user_details!
2025-03-15 22:29:14,583 - INFO - Custom MySQL connection closed successfully.
2025-03-15 22:29:38,761 - INFO - Inside UpdateDealerDetailsView!
2025-03-15 22:29:38,786 - INFO - Custom MySQL connection established successfully!
2025-03-15 22:29:38,788 - INFO - Inside update_dealer_details!
2025-03-15 22:29:38,799 - INFO - Inside fetch_user_details!
2025-03-15 22:29:38,808 - INFO - Update Query - 
    UPDATE admindetails SET 
 profile_photo = %s WHERE user_id = %s
2025-03-15 22:29:38,951 - INFO - update_dealer_details END...
2025-03-15 22:29:38,952 - INFO - Dealer details updated successfully.
2025-03-15 22:29:38,952 - INFO - Custom MySQL connection closed successfully.
2025-03-15 22:29:38,974 - INFO - Inside FetchDealerDetailsView!
2025-03-15 22:29:39,022 - INFO - Custom MySQL connection established successfully!
2025-03-15 22:29:39,024 - INFO - Inside fetch_dealer_details!
2025-03-15 22:29:39,037 - INFO - Inside fetch_user_details!
2025-03-15 22:29:39,039 - INFO - Custom MySQL connection closed successfully.
2025-03-15 22:30:50,535 - INFO - Inside FetchDealerDetailsView!
2025-03-15 22:30:50,567 - INFO - Custom MySQL connection established successfully!
2025-03-15 22:30:50,569 - INFO - Inside fetch_dealer_details!
2025-03-15 22:30:50,584 - INFO - Inside fetch_user_details!
2025-03-15 22:30:50,593 - INFO - Custom MySQL connection closed successfully.
2025-03-15 22:32:06,635 - INFO - Inside FetchDealerDetailsView!
2025-03-15 22:32:06,678 - INFO - Custom MySQL connection established successfully!
2025-03-15 22:32:06,680 - INFO - Inside fetch_dealer_details!
2025-03-15 22:32:06,691 - INFO - Inside fetch_user_details!
2025-03-15 22:32:06,697 - INFO - Custom MySQL connection closed successfully.
2025-03-15 22:32:14,079 - INFO - Inside DBConfigView!
2025-03-15 22:32:14,170 - INFO - Custom MySQL connection established successfully!
2025-03-15 22:32:14,176 - INFO - Inside fetch_db_config_data!
2025-03-15 22:32:14,209 - INFO - DBConfigView END...
2025-03-15 22:32:14,213 - INFO - Custom MySQL connection closed successfully.
2025-03-15 22:32:14,237 - INFO - Inside UpdateDBConfigView!
2025-03-15 22:32:14,267 - INFO - Custom MySQL connection established successfully!
2025-03-15 22:32:14,272 - INFO - Inside update_db_config_data!
2025-03-15 22:32:14,311 - INFO - True
2025-03-15 22:32:14,312 - INFO - DB Config data updated successfully
2025-03-15 22:32:14,324 - INFO - Custom MySQL connection closed successfully.
2025-03-15 22:32:21,030 - INFO - Custom MySQL connection established successfully!
2025-03-15 22:32:21,049 - INFO - Custom MySQL connection closed successfully.
2025-03-15 22:32:25,595 - INFO - Inside FetchDealerDetailsView!
2025-03-15 22:32:25,615 - INFO - Custom MySQL connection established successfully!
2025-03-15 22:32:25,616 - INFO - Inside fetch_dealer_details!
2025-03-15 22:32:25,623 - INFO - Inside fetch_user_details!
2025-03-15 22:32:25,631 - INFO - Custom MySQL connection closed successfully.
2025-03-15 22:32:28,922 - INFO - Inside FetchDealerDetailsView!
2025-03-15 22:32:28,958 - INFO - Custom MySQL connection established successfully!
2025-03-15 22:32:28,959 - INFO - Inside fetch_dealer_details!
2025-03-15 22:32:28,964 - INFO - Inside fetch_user_details!
2025-03-15 22:32:28,969 - INFO - Custom MySQL connection closed successfully.
2025-03-15 22:32:33,281 - INFO - Inside FetchDealerDetailsView!
2025-03-15 22:32:33,314 - INFO - Custom MySQL connection established successfully!
2025-03-15 22:32:33,315 - INFO - Inside fetch_dealer_details!
2025-03-15 22:32:33,325 - INFO - Inside fetch_user_details!
2025-03-15 22:32:33,332 - INFO - Custom MySQL connection closed successfully.
2025-03-15 22:36:41,372 - INFO - D:\Akshata\Food-Factory-Management-System\food_factory_backend\constants\constant.py changed, reloading.
2025-03-15 22:36:54,514 - INFO - D:\Akshata\Food-Factory-Management-System\food_factory_backend\constants\constant.py changed, reloading.
2025-03-15 22:37:02,214 - INFO - D:\Akshata\Food-Factory-Management-System\food_factory_backend\constants\constant.py changed, reloading.
2025-03-15 22:37:11,434 - INFO - D:\Akshata\Food-Factory-Management-System\food_factory_backend\constants\constant.py changed, reloading.
2025-03-15 22:40:01,741 - INFO - Inside FetchDealerDetailsView!
2025-03-15 22:40:02,016 - INFO - Custom MySQL connection established successfully!
2025-03-15 22:40:02,017 - INFO - Inside fetch_dealer_details!
2025-03-15 22:40:02,023 - INFO - Inside fetch_user_details!
2025-03-15 22:40:02,029 - INFO - Custom MySQL connection closed successfully.
2025-03-15 22:40:34,569 - INFO - Inside FetchDealerDetailsView!
2025-03-15 22:40:34,595 - INFO - Custom MySQL connection established successfully!
2025-03-15 22:40:34,597 - INFO - Inside fetch_dealer_details!
2025-03-15 22:40:34,612 - INFO - Inside fetch_user_details!
2025-03-15 22:40:34,616 - INFO - Custom MySQL connection closed successfully.
2025-03-15 22:41:36,658 - INFO - Inside FetchDealerDetailsView!
2025-03-15 22:41:36,722 - INFO - Custom MySQL connection established successfully!
2025-03-15 22:41:36,725 - INFO - Inside fetch_dealer_details!
2025-03-15 22:41:36,757 - INFO - Inside fetch_user_details!
2025-03-15 22:41:36,769 - INFO - Custom MySQL connection closed successfully.
2025-03-15 22:42:02,170 - INFO - Inside UpdateDealerDetailsView!
2025-03-15 22:42:02,193 - INFO - Custom MySQL connection established successfully!
2025-03-15 22:42:02,194 - INFO - Inside update_dealer_details!
2025-03-15 22:42:02,195 - INFO - Inside fetch_user_details!
2025-03-15 22:42:02,200 - INFO - Update Query - 
    UPDATE admindetails SET 
 about = %s WHERE user_id = %s
2025-03-15 22:42:02,236 - INFO - update_dealer_details END...
2025-03-15 22:42:02,236 - INFO - Dealer details updated successfully.
2025-03-15 22:42:02,238 - INFO - Custom MySQL connection closed successfully.
2025-03-15 22:42:02,257 - INFO - Inside FetchDealerDetailsView!
2025-03-15 22:42:02,281 - INFO - Custom MySQL connection established successfully!
2025-03-15 22:42:02,284 - INFO - Inside fetch_dealer_details!
2025-03-15 22:42:02,318 - INFO - Inside fetch_user_details!
2025-03-15 22:42:02,324 - INFO - Custom MySQL connection closed successfully.
2025-03-15 22:42:37,607 - INFO - D:\Akshata\Food-Factory-Management-System\food_factory_backend\food_factory_backend\settings.py changed, reloading.
2025-03-15 22:52:59,134 - INFO - D:\Akshata\Food-Factory-Management-System\food_factory_backend\food_factory_backend\settings.py changed, reloading.
2025-03-15 23:32:00,835 - INFO - Inside FetchDealerDetailsView!
2025-03-15 23:32:01,288 - INFO - Custom MySQL connection established successfully!
2025-03-15 23:32:01,290 - INFO - Inside fetch_dealer_details!
2025-03-15 23:32:01,330 - INFO - Inside fetch_user_details!
2025-03-15 23:32:01,348 - INFO - Custom MySQL connection closed successfully.
2025-03-15 23:32:06,603 - INFO - Inside FetchDealerDetailsView!
2025-03-15 23:32:06,641 - INFO - Custom MySQL connection established successfully!
2025-03-15 23:32:06,641 - INFO - Inside fetch_dealer_details!
2025-03-15 23:32:06,671 - INFO - Inside fetch_user_details!
2025-03-15 23:32:06,678 - INFO - Custom MySQL connection closed successfully.
2025-03-15 23:33:55,130 - INFO - Inside FetchDealerDetailsView!
2025-03-15 23:33:55,180 - INFO - Custom MySQL connection established successfully!
2025-03-15 23:33:55,180 - INFO - Inside fetch_dealer_details!
2025-03-15 23:33:55,212 - INFO - Inside fetch_user_details!
2025-03-15 23:33:55,224 - INFO - Custom MySQL connection closed successfully.
2025-03-15 23:34:11,498 - INFO - Inside FetchDealerDetailsView!
2025-03-15 23:34:11,546 - INFO - Custom MySQL connection established successfully!
2025-03-15 23:34:11,548 - INFO - Inside fetch_dealer_details!
2025-03-15 23:34:11,602 - INFO - Inside fetch_user_details!
2025-03-15 23:34:11,612 - INFO - Custom MySQL connection closed successfully.
2025-03-15 23:34:17,791 - INFO - Inside FetchDealerDetailsView!
2025-03-15 23:34:18,035 - INFO - Custom MySQL connection established successfully!
2025-03-15 23:34:18,037 - INFO - Inside fetch_dealer_details!
2025-03-15 23:34:18,061 - INFO - Inside fetch_user_details!
2025-03-15 23:34:18,082 - INFO - Custom MySQL connection closed successfully.
2025-03-15 23:34:19,840 - INFO - Inside FetchDealerDetailsView!
2025-03-15 23:34:19,965 - INFO - Custom MySQL connection established successfully!
2025-03-15 23:34:19,970 - INFO - Inside fetch_dealer_details!
2025-03-15 23:34:19,989 - INFO - Inside fetch_user_details!
2025-03-15 23:34:20,016 - INFO - Custom MySQL connection closed successfully.
2025-03-15 23:45:08,725 - INFO - Inside FetchDealerDetailsView!
2025-03-15 23:45:08,771 - INFO - Custom MySQL connection established successfully!
2025-03-15 23:45:08,773 - INFO - Inside fetch_dealer_details!
2025-03-15 23:45:08,791 - INFO - Inside fetch_user_details!
2025-03-15 23:45:08,798 - INFO - Custom MySQL connection closed successfully.
2025-03-15 23:45:09,985 - INFO - Custom MySQL connection established successfully!
2025-03-15 23:45:10,016 - INFO - Custom MySQL connection closed successfully.
2025-03-15 23:45:32,021 - INFO - Inside FetchDealerDetailsView!
2025-03-15 23:45:32,045 - INFO - Custom MySQL connection established successfully!
2025-03-15 23:45:32,046 - INFO - Inside fetch_dealer_details!
2025-03-15 23:45:32,055 - INFO - Inside fetch_user_details!
2025-03-15 23:45:32,065 - INFO - Custom MySQL connection closed successfully.
2025-03-15 23:45:38,315 - INFO - Custom MySQL connection established successfully!
2025-03-15 23:45:38,334 - INFO - Custom MySQL connection closed successfully.
2025-03-15 23:48:44,832 - INFO - Inside FetchDealerDetailsView!
2025-03-15 23:48:44,867 - INFO - Custom MySQL connection established successfully!
2025-03-15 23:48:44,868 - INFO - Inside fetch_dealer_details!
2025-03-15 23:48:44,883 - INFO - Inside fetch_user_details!
2025-03-15 23:48:44,890 - INFO - Custom MySQL connection closed successfully.
2025-03-15 23:48:47,347 - INFO - Inside FetchDealerDetailsView!
2025-03-15 23:48:47,361 - INFO - Custom MySQL connection established successfully!
2025-03-15 23:48:47,362 - INFO - Inside fetch_dealer_details!
2025-03-15 23:48:47,368 - INFO - Inside fetch_user_details!
2025-03-15 23:48:47,376 - INFO - Custom MySQL connection closed successfully.
2025-03-15 23:57:26,944 - INFO - D:\Akshata\Food-Factory-Management-System\food_factory_backend\food_factory_backend\settings.py changed, reloading.
2025-03-16 00:07:23,633 - INFO - Inside SignInUserView!
2025-03-16 00:07:23,844 - INFO - Custom MySQL connection established successfully!
2025-03-16 00:07:23,845 - INFO - Inside CustomAuthBackend!
2025-03-16 00:07:23,846 - INFO - fetch_user_by_email! 
2025-03-16 00:07:23,894 - INFO - User Authenticated...
2025-03-16 00:07:23,897 - INFO - SignInUserView END...
2025-03-16 00:07:23,899 - INFO - Custom MySQL connection closed successfully.
2025-03-16 00:07:23,941 - INFO - Inside FetchDealerDetailsView!
2025-03-16 00:07:23,946 - INFO - Inside FetchUserDetailsView!
2025-03-16 00:07:23,986 - INFO - Custom MySQL connection established successfully!
2025-03-16 00:07:23,988 - INFO - Custom MySQL connection established successfully!
2025-03-16 00:07:23,989 - INFO - Inside fetch_dealer_details!
2025-03-16 00:07:23,993 - INFO - Custom MySQL connection established successfully!
2025-03-16 00:07:23,993 - INFO - Inside fetch_user_details!
2025-03-16 00:07:24,004 - INFO - Custom MySQL connection closed successfully.
2025-03-16 00:07:24,013 - INFO - Custom MySQL connection closed successfully.
2025-03-16 00:07:24,037 - INFO - Inside fetch_user_details!
2025-03-16 00:07:24,040 - INFO - Custom MySQL connection closed successfully.
2025-03-16 00:08:33,502 - INFO - Inside FetchUserDetailsView!
2025-03-16 00:08:33,528 - INFO - Inside FetchDealerDetailsView!
2025-03-16 00:08:33,540 - INFO - Custom MySQL connection established successfully!
2025-03-16 00:08:33,545 - INFO - Custom MySQL connection established successfully!
2025-03-16 00:08:33,547 - INFO - Inside fetch_user_details!
2025-03-16 00:08:33,554 - INFO - Custom MySQL connection closed successfully.
2025-03-16 00:08:33,560 - INFO - Custom MySQL connection established successfully!
2025-03-16 00:08:33,561 - INFO - Custom MySQL connection closed successfully.
2025-03-16 00:08:33,561 - INFO - Inside fetch_dealer_details!
2025-03-16 00:08:33,586 - INFO - Inside fetch_user_details!
2025-03-16 00:08:33,593 - INFO - Custom MySQL connection closed successfully.
2025-03-16 00:12:20,894 - INFO - Inside FetchUserDetailsView!
2025-03-16 00:12:20,900 - INFO - Inside FetchDealerDetailsView!
2025-03-16 00:12:20,917 - INFO - Custom MySQL connection established successfully!
2025-03-16 00:12:20,919 - INFO - Custom MySQL connection established successfully!
2025-03-16 00:12:20,922 - INFO - Custom MySQL connection established successfully!
2025-03-16 00:12:20,924 - INFO - Inside fetch_user_details!
2025-03-16 00:12:20,925 - INFO - Inside fetch_dealer_details!
2025-03-16 00:12:20,930 - INFO - Custom MySQL connection closed successfully.
2025-03-16 00:12:20,939 - INFO - Custom MySQL connection closed successfully.
2025-03-16 00:12:20,957 - INFO - Inside fetch_user_details!
2025-03-16 00:12:20,966 - INFO - Custom MySQL connection closed successfully.
2025-03-16 00:12:49,192 - INFO - Inside FetchUserDetailsView!
2025-03-16 00:12:49,196 - INFO - Inside FetchDealerDetailsView!
2025-03-16 00:12:49,207 - INFO - Custom MySQL connection established successfully!
2025-03-16 00:12:49,208 - INFO - Custom MySQL connection established successfully!
2025-03-16 00:12:49,212 - INFO - Inside fetch_user_details!
2025-03-16 00:12:49,216 - INFO - Custom MySQL connection established successfully!
2025-03-16 00:12:49,217 - INFO - Inside fetch_dealer_details!
2025-03-16 00:12:49,225 - INFO - Custom MySQL connection closed successfully.
2025-03-16 00:12:49,225 - INFO - Custom MySQL connection closed successfully.
2025-03-16 00:12:49,237 - INFO - Inside fetch_user_details!
2025-03-16 00:12:49,252 - INFO - Custom MySQL connection closed successfully.
2025-03-16 00:12:49,629 - INFO - Inside FetchUserDetailsView!
2025-03-16 00:12:49,632 - INFO - Inside FetchDealerDetailsView!
2025-03-16 00:12:49,653 - INFO - Custom MySQL connection established successfully!
2025-03-16 00:12:49,655 - INFO - Custom MySQL connection established successfully!
2025-03-16 00:12:49,658 - INFO - Custom MySQL connection established successfully!
2025-03-16 00:12:49,658 - INFO - Inside fetch_user_details!
2025-03-16 00:12:49,659 - INFO - Inside fetch_dealer_details!
2025-03-16 00:12:49,669 - INFO - Custom MySQL connection closed successfully.
2025-03-16 00:12:49,670 - INFO - Custom MySQL connection closed successfully.
2025-03-16 00:12:49,671 - INFO - Inside fetch_user_details!
2025-03-16 00:12:49,686 - INFO - Custom MySQL connection closed successfully.
2025-03-16 00:13:02,467 - INFO - Inside FetchUserDetailsView!
2025-03-16 00:13:02,471 - INFO - Inside FetchDealerDetailsView!
2025-03-16 00:13:02,476 - INFO - Custom MySQL connection established successfully!
2025-03-16 00:13:02,481 - INFO - Custom MySQL connection established successfully!
2025-03-16 00:13:02,485 - INFO - Inside fetch_user_details!
2025-03-16 00:13:02,486 - INFO - Custom MySQL connection closed successfully.
2025-03-16 00:13:02,487 - INFO - Custom MySQL connection established successfully!
2025-03-16 00:13:02,490 - INFO - Inside fetch_dealer_details!
2025-03-16 00:13:02,491 - INFO - Custom MySQL connection closed successfully.
2025-03-16 00:13:02,502 - INFO - Inside fetch_user_details!
2025-03-16 00:13:02,507 - INFO - Custom MySQL connection closed successfully.
2025-03-16 00:13:03,420 - INFO - Inside FetchUserDetailsView!
2025-03-16 00:13:03,423 - INFO - Inside FetchDealerDetailsView!
2025-03-16 00:13:03,435 - INFO - Custom MySQL connection established successfully!
2025-03-16 00:13:03,437 - INFO - Custom MySQL connection established successfully!
2025-03-16 00:13:03,438 - INFO - Custom MySQL connection established successfully!
2025-03-16 00:13:03,439 - INFO - Inside fetch_dealer_details!
2025-03-16 00:13:03,439 - INFO - Inside fetch_user_details!
2025-03-16 00:13:03,443 - INFO - Custom MySQL connection closed successfully.
2025-03-16 00:13:03,447 - INFO - Custom MySQL connection closed successfully.
2025-03-16 00:13:03,447 - INFO - Inside fetch_user_details!
2025-03-16 00:13:03,453 - INFO - Custom MySQL connection closed successfully.
2025-03-16 00:14:47,185 - INFO - Inside FetchUserDetailsView!
2025-03-16 00:14:47,189 - INFO - Inside FetchDealerDetailsView!
2025-03-16 00:14:47,203 - INFO - Custom MySQL connection established successfully!
2025-03-16 00:14:47,209 - INFO - Custom MySQL connection established successfully!
2025-03-16 00:14:47,211 - INFO - Custom MySQL connection established successfully!
2025-03-16 00:14:47,212 - INFO - Inside fetch_user_details!
2025-03-16 00:14:47,213 - INFO - Inside fetch_dealer_details!
2025-03-16 00:14:47,213 - INFO - Custom MySQL connection closed successfully.
2025-03-16 00:14:47,221 - INFO - Custom MySQL connection closed successfully.
2025-03-16 00:14:47,224 - INFO - Inside fetch_user_details!
2025-03-16 00:14:47,229 - INFO - Custom MySQL connection closed successfully.
2025-03-16 00:14:57,702 - INFO - Inside FetchDealerDetailsView!
2025-03-16 00:14:57,716 - INFO - Custom MySQL connection established successfully!
2025-03-16 00:14:57,717 - INFO - Inside fetch_dealer_details!
2025-03-16 00:14:57,720 - INFO - Inside fetch_user_details!
2025-03-16 00:14:57,722 - INFO - Custom MySQL connection closed successfully.
2025-03-16 00:15:54,577 - INFO - Inside FetchUserDetailsView!
2025-03-16 00:15:54,586 - INFO - Inside FetchDealerDetailsView!
2025-03-16 00:15:54,600 - INFO - Custom MySQL connection established successfully!
2025-03-16 00:15:54,601 - INFO - Inside fetch_user_details!
2025-03-16 00:15:54,603 - INFO - Custom MySQL connection established successfully!
2025-03-16 00:15:54,606 - INFO - Custom MySQL connection established successfully!
2025-03-16 00:15:54,608 - INFO - Inside fetch_dealer_details!
2025-03-16 00:15:54,609 - INFO - Custom MySQL connection closed successfully.
2025-03-16 00:15:54,616 - INFO - Custom MySQL connection closed successfully.
2025-03-16 00:15:54,619 - INFO - Inside fetch_user_details!
2025-03-16 00:15:54,625 - INFO - Custom MySQL connection closed successfully.
2025-03-16 00:16:08,338 - INFO - Inside FetchUserDetailsView!
2025-03-16 00:16:08,343 - INFO - Inside FetchDealerDetailsView!
2025-03-16 00:16:08,349 - INFO - Custom MySQL connection established successfully!
2025-03-16 00:16:08,351 - INFO - Custom MySQL connection closed successfully.
2025-03-16 00:16:08,359 - INFO - Custom MySQL connection established successfully!
2025-03-16 00:16:08,361 - INFO - Custom MySQL connection established successfully!
2025-03-16 00:16:08,361 - INFO - Inside fetch_user_details!
2025-03-16 00:16:08,362 - INFO - Inside fetch_dealer_details!
2025-03-16 00:16:08,365 - INFO - Custom MySQL connection closed successfully.
2025-03-16 00:16:08,368 - INFO - Inside fetch_user_details!
2025-03-16 00:16:08,373 - INFO - Custom MySQL connection closed successfully.
2025-03-16 00:16:14,795 - INFO - Inside FetchUserDetailsView!
2025-03-16 00:16:14,800 - INFO - Inside FetchDealerDetailsView!
2025-03-16 00:16:14,809 - INFO - Custom MySQL connection established successfully!
2025-03-16 00:16:14,814 - INFO - Custom MySQL connection closed successfully.
2025-03-16 00:16:14,815 - INFO - Custom MySQL connection established successfully!
2025-03-16 00:16:14,819 - INFO - Custom MySQL connection established successfully!
2025-03-16 00:16:14,820 - INFO - Inside fetch_user_details!
2025-03-16 00:16:14,823 - INFO - Inside fetch_dealer_details!
2025-03-16 00:16:14,831 - INFO - Custom MySQL connection closed successfully.
2025-03-16 00:16:14,840 - INFO - Inside fetch_user_details!
2025-03-16 00:16:14,843 - INFO - Custom MySQL connection closed successfully.
2025-03-16 00:16:17,511 - INFO - Inside FetchDealerDetailsView!
2025-03-16 00:16:17,527 - INFO - Custom MySQL connection established successfully!
2025-03-16 00:16:17,528 - INFO - Inside fetch_dealer_details!
2025-03-16 00:16:17,536 - INFO - Inside fetch_user_details!
2025-03-16 00:16:17,540 - INFO - Custom MySQL connection closed successfully.
2025-03-16 00:16:53,578 - INFO - Inside FetchUserDetailsView!
2025-03-16 00:16:53,583 - INFO - Inside FetchDealerDetailsView!
2025-03-16 00:16:53,591 - INFO - Custom MySQL connection established successfully!
2025-03-16 00:16:53,601 - INFO - Custom MySQL connection established successfully!
2025-03-16 00:16:53,601 - INFO - Custom MySQL connection closed successfully.
2025-03-16 00:16:53,602 - INFO - Inside fetch_user_details!
2025-03-16 00:16:53,603 - INFO - Custom MySQL connection established successfully!
2025-03-16 00:16:53,611 - INFO - Inside fetch_dealer_details!
2025-03-16 00:16:53,614 - INFO - Custom MySQL connection closed successfully.
2025-03-16 00:16:53,622 - INFO - Inside fetch_user_details!
2025-03-16 00:16:53,629 - INFO - Custom MySQL connection closed successfully.
2025-03-16 00:17:08,584 - INFO - Inside FetchUserDetailsView!
2025-03-16 00:17:08,590 - INFO - Inside FetchDealerDetailsView!
2025-03-16 00:17:08,600 - INFO - Custom MySQL connection established successfully!
2025-03-16 00:17:08,605 - INFO - Custom MySQL connection established successfully!
2025-03-16 00:17:08,605 - INFO - Custom MySQL connection closed successfully.
2025-03-16 00:17:08,605 - INFO - Inside fetch_user_details!
2025-03-16 00:17:08,609 - INFO - Custom MySQL connection established successfully!
2025-03-16 00:17:08,612 - INFO - Inside fetch_dealer_details!
2025-03-16 00:17:08,612 - INFO - Custom MySQL connection closed successfully.
2025-03-16 00:17:08,620 - INFO - Inside fetch_user_details!
2025-03-16 00:17:08,623 - INFO - Custom MySQL connection closed successfully.
2025-03-16 00:17:25,160 - INFO - Inside FetchUserDetailsView!
2025-03-16 00:17:25,165 - INFO - Inside FetchDealerDetailsView!
2025-03-16 00:17:25,174 - INFO - Custom MySQL connection established successfully!
2025-03-16 00:17:25,178 - INFO - Custom MySQL connection established successfully!
2025-03-16 00:17:25,182 - INFO - Inside fetch_user_details!
2025-03-16 00:17:25,183 - INFO - Custom MySQL connection closed successfully.
2025-03-16 00:17:25,187 - INFO - Custom MySQL connection established successfully!
2025-03-16 00:17:25,188 - INFO - Inside fetch_dealer_details!
2025-03-16 00:17:25,189 - INFO - Custom MySQL connection closed successfully.
2025-03-16 00:17:25,196 - INFO - Inside fetch_user_details!
2025-03-16 00:17:25,203 - INFO - Custom MySQL connection closed successfully.
2025-03-16 00:17:29,514 - INFO - Inside FetchUserDetailsView!
2025-03-16 00:17:29,518 - INFO - Inside FetchDealerDetailsView!
2025-03-16 00:17:29,536 - INFO - Custom MySQL connection established successfully!
2025-03-16 00:17:29,541 - INFO - Custom MySQL connection established successfully!
2025-03-16 00:17:29,544 - INFO - Custom MySQL connection established successfully!
2025-03-16 00:17:29,547 - INFO - Inside fetch_user_details!
2025-03-16 00:17:29,551 - INFO - Inside fetch_dealer_details!
2025-03-16 00:17:29,552 - INFO - Custom MySQL connection closed successfully.
2025-03-16 00:17:29,557 - INFO - Custom MySQL connection closed successfully.
2025-03-16 00:17:29,561 - INFO - Inside fetch_user_details!
2025-03-16 00:17:29,571 - INFO - Custom MySQL connection closed successfully.
2025-03-16 00:17:36,550 - INFO - Inside FetchDealerDetailsView!
2025-03-16 00:17:36,563 - INFO - Custom MySQL connection established successfully!
2025-03-16 00:17:36,563 - INFO - Inside fetch_dealer_details!
2025-03-16 00:17:36,568 - INFO - Inside fetch_user_details!
2025-03-16 00:17:36,574 - INFO - Custom MySQL connection closed successfully.
2025-03-16 00:22:05,954 - INFO - Inside SignInUserView!
2025-03-16 00:22:05,971 - INFO - Custom MySQL connection established successfully!
2025-03-16 00:22:05,973 - INFO - Inside CustomAuthBackend!
2025-03-16 00:22:05,974 - INFO - fetch_user_by_email! 
2025-03-16 00:22:06,012 - INFO - User Authenticated...
2025-03-16 00:22:06,020 - INFO - SignInUserView END...
2025-03-16 00:22:06,021 - INFO - Custom MySQL connection closed successfully.
2025-03-16 00:22:06,055 - INFO - Inside FetchDealerDetailsView!
2025-03-16 00:22:06,070 - INFO - Custom MySQL connection established successfully!
2025-03-16 00:22:06,072 - INFO - Inside fetch_dealer_details!
2025-03-16 00:22:06,083 - INFO - Inside fetch_user_details!
2025-03-16 00:22:06,085 - INFO - Custom MySQL connection closed successfully.
2025-03-16 00:22:08,997 - INFO - Inside FetchDealerDetailsView!
2025-03-16 00:22:09,009 - INFO - Custom MySQL connection established successfully!
2025-03-16 00:22:09,010 - INFO - Inside fetch_dealer_details!
2025-03-16 00:22:09,015 - INFO - Inside fetch_user_details!
2025-03-16 00:22:09,021 - INFO - Custom MySQL connection closed successfully.
2025-03-16 00:22:23,373 - INFO - Inside UpdateDealerDetailsView!
2025-03-16 00:22:23,384 - INFO - Custom MySQL connection established successfully!
2025-03-16 00:22:23,385 - INFO - Inside update_dealer_details!
2025-03-16 00:22:23,385 - INFO - Inside fetch_user_details!
2025-03-16 00:22:23,388 - INFO - Update Query - 
    UPDATE admindetails SET 
 mobile_no = %s WHERE user_id = %s
2025-03-16 00:22:23,439 - INFO - update_dealer_details END...
2025-03-16 00:22:23,440 - INFO - Dealer details updated successfully.
2025-03-16 00:22:23,441 - INFO - Custom MySQL connection closed successfully.
2025-03-16 00:22:23,447 - INFO - Inside FetchDealerDetailsView!
2025-03-16 00:22:23,458 - INFO - Custom MySQL connection established successfully!
2025-03-16 00:22:23,458 - INFO - Inside fetch_dealer_details!
2025-03-16 00:22:23,461 - INFO - Inside fetch_user_details!
2025-03-16 00:22:23,464 - INFO - Custom MySQL connection closed successfully.
2025-03-16 00:22:26,358 - INFO - Custom MySQL connection established successfully!
2025-03-16 00:22:26,365 - INFO - Custom MySQL connection closed successfully.
2025-03-16 00:22:33,426 - INFO - Inside FetchDealerDetailsView!
2025-03-16 00:22:33,445 - INFO - Custom MySQL connection established successfully!
2025-03-16 00:22:33,446 - INFO - Inside fetch_dealer_details!
2025-03-16 00:22:33,449 - INFO - Inside fetch_user_details!
2025-03-16 00:22:33,453 - INFO - Custom MySQL connection closed successfully.
2025-03-16 00:23:32,569 - INFO - Inside FetchDealerDetailsView!
2025-03-16 00:23:32,853 - INFO - Custom MySQL connection established successfully!
2025-03-16 00:23:32,855 - INFO - Inside fetch_dealer_details!
2025-03-16 00:23:32,879 - INFO - Inside fetch_user_details!
2025-03-16 00:23:32,887 - INFO - Custom MySQL connection closed successfully.
2025-03-16 00:23:36,656 - INFO - Inside FetchDealerDetailsView!
2025-03-16 00:23:36,677 - INFO - Custom MySQL connection established successfully!
2025-03-16 00:23:36,677 - INFO - Inside fetch_dealer_details!
2025-03-16 00:23:36,681 - INFO - Inside fetch_user_details!
2025-03-16 00:23:36,686 - INFO - Custom MySQL connection closed successfully.
2025-03-16 00:23:50,040 - INFO - Inside UpdateDealerDetailsView!
2025-03-16 00:23:50,056 - INFO - Custom MySQL connection established successfully!
2025-03-16 00:23:50,056 - INFO - Inside update_dealer_details!
2025-03-16 00:23:50,060 - INFO - Inside fetch_user_details!
2025-03-16 00:23:50,067 - INFO - Update Query - 
    UPDATE admindetails SET 
 profile_photo = %s WHERE user_id = %s
2025-03-16 00:23:50,139 - INFO - update_dealer_details END...
2025-03-16 00:23:50,141 - INFO - Dealer details updated successfully.
2025-03-16 00:23:50,142 - INFO - Custom MySQL connection closed successfully.
2025-03-16 00:23:50,151 - INFO - Inside FetchDealerDetailsView!
2025-03-16 00:23:50,170 - INFO - Custom MySQL connection established successfully!
2025-03-16 00:23:50,170 - INFO - Inside fetch_dealer_details!
2025-03-16 00:23:50,182 - INFO - Inside fetch_user_details!
2025-03-16 00:23:50,185 - INFO - Custom MySQL connection closed successfully.
2025-03-16 00:23:57,439 - INFO - Inside FetchDealerDetailsView!
2025-03-16 00:23:57,454 - INFO - Custom MySQL connection established successfully!
2025-03-16 00:23:57,456 - INFO - Inside fetch_dealer_details!
2025-03-16 00:23:57,465 - INFO - Inside fetch_user_details!
2025-03-16 00:23:57,467 - INFO - Custom MySQL connection closed successfully.
2025-03-16 00:24:03,075 - INFO - Inside FetchDealerDetailsView!
2025-03-16 00:24:03,101 - INFO - Custom MySQL connection established successfully!
2025-03-16 00:24:03,102 - INFO - Inside fetch_dealer_details!
2025-03-16 00:24:03,123 - INFO - Inside fetch_user_details!
2025-03-16 00:24:03,136 - INFO - Custom MySQL connection closed successfully.
2025-03-16 00:24:05,426 - INFO - Inside FetchDealerDetailsView!
2025-03-16 00:24:05,441 - INFO - Custom MySQL connection established successfully!
2025-03-16 00:24:05,441 - INFO - Inside fetch_dealer_details!
2025-03-16 00:24:05,449 - INFO - Inside fetch_user_details!
2025-03-16 00:24:05,459 - INFO - Custom MySQL connection closed successfully.
2025-03-16 00:24:50,060 - INFO - Inside SignInUserView!
2025-03-16 00:24:50,071 - INFO - Custom MySQL connection established successfully!
2025-03-16 00:24:50,071 - INFO - Inside CustomAuthBackend!
2025-03-16 00:24:50,072 - INFO - fetch_user_by_email! 
2025-03-16 00:24:50,074 - INFO - User Authenticated...
2025-03-16 00:24:50,074 - INFO - SignInUserView END...
2025-03-16 00:24:50,076 - INFO - Custom MySQL connection closed successfully.
2025-03-16 00:24:50,135 - INFO - Inside FetchUserDetailsView!
2025-03-16 00:24:50,139 - INFO - Inside FetchDealerDetailsView!
2025-03-16 00:24:50,142 - INFO - Custom MySQL connection established successfully!
2025-03-16 00:24:50,149 - INFO - Custom MySQL connection closed successfully.
2025-03-16 00:24:50,158 - INFO - Custom MySQL connection established successfully!
2025-03-16 00:24:50,161 - INFO - Custom MySQL connection established successfully!
2025-03-16 00:24:50,161 - INFO - Inside fetch_user_details!
2025-03-16 00:24:50,161 - INFO - Inside fetch_dealer_details!
2025-03-16 00:24:50,166 - INFO - Custom MySQL connection closed successfully.
2025-03-16 00:24:50,169 - INFO - Inside fetch_user_details!
2025-03-16 00:24:50,172 - INFO - Custom MySQL connection closed successfully.
2025-03-16 00:40:49,962 - INFO - Inside FetchUserDetailsView!
2025-03-16 00:40:49,977 - INFO - Inside FetchDealerDetailsView!
2025-03-16 00:40:49,993 - INFO - Custom MySQL connection established successfully!
2025-03-16 00:40:49,995 - INFO - Custom MySQL connection established successfully!
2025-03-16 00:40:49,999 - INFO - Inside fetch_user_details!
2025-03-16 00:40:50,001 - INFO - Custom MySQL connection established successfully!
2025-03-16 00:40:50,006 - INFO - Inside fetch_dealer_details!
2025-03-16 00:40:50,028 - INFO - Inside fetch_user_details!
2025-03-16 00:40:50,126 - INFO - Custom MySQL connection closed successfully.
2025-03-16 00:40:50,127 - INFO - Custom MySQL connection closed successfully.
2025-03-16 00:40:50,160 - INFO - Custom MySQL connection closed successfully.
2025-03-16 00:40:52,570 - INFO - Inside FetchUserDetailsView!
2025-03-16 00:40:52,573 - INFO - Inside FetchDealerDetailsView!
2025-03-16 00:40:52,595 - INFO - Custom MySQL connection established successfully!
2025-03-16 00:40:52,604 - INFO - Custom MySQL connection established successfully!
2025-03-16 00:40:52,605 - INFO - Inside fetch_user_details!
2025-03-16 00:40:52,610 - INFO - Custom MySQL connection established successfully!
2025-03-16 00:40:52,615 - INFO - Inside fetch_dealer_details!
2025-03-16 00:40:52,615 - INFO - Custom MySQL connection closed successfully.
2025-03-16 00:40:52,619 - INFO - Custom MySQL connection closed successfully.
2025-03-16 00:40:52,638 - INFO - Inside fetch_user_details!
2025-03-16 00:40:52,650 - INFO - Custom MySQL connection closed successfully.
2025-03-16 00:40:55,583 - INFO - Inside FetchUserDetailsView!
2025-03-16 00:40:55,583 - INFO - Inside FetchDealerDetailsView!
2025-03-16 00:40:55,595 - INFO - Custom MySQL connection established successfully!
2025-03-16 00:40:55,608 - INFO - Custom MySQL connection established successfully!
2025-03-16 00:40:55,610 - INFO - Custom MySQL connection established successfully!
2025-03-16 00:40:55,610 - INFO - Custom MySQL connection closed successfully.
2025-03-16 00:40:55,611 - INFO - Inside fetch_dealer_details!
2025-03-16 00:40:55,611 - INFO - Inside fetch_user_details!
2025-03-16 00:40:55,618 - INFO - Inside fetch_user_details!
2025-03-16 00:40:55,621 - INFO - Custom MySQL connection closed successfully.
2025-03-16 00:40:55,623 - INFO - Custom MySQL connection closed successfully.
2025-03-16 00:41:47,981 - INFO - Inside FetchUserDetailsView!
2025-03-16 00:41:48,017 - INFO - Custom MySQL connection established successfully!
2025-03-16 00:41:48,018 - INFO - Custom MySQL connection established successfully!
2025-03-16 00:41:48,023 - INFO - Inside FetchDealerDetailsView!
2025-03-16 00:41:48,024 - INFO - Inside fetch_user_details!
2025-03-16 00:41:48,040 - INFO - Custom MySQL connection closed successfully.
2025-03-16 00:41:48,040 - INFO - Custom MySQL connection closed successfully.
2025-03-16 00:41:48,052 - INFO - Custom MySQL connection established successfully!
2025-03-16 00:41:48,053 - INFO - Inside fetch_dealer_details!
2025-03-16 00:41:48,067 - INFO - Inside fetch_user_details!
2025-03-16 00:41:48,072 - INFO - Custom MySQL connection closed successfully.
2025-03-16 00:44:11,461 - INFO - Inside FetchUserDetailsView!
2025-03-16 00:44:11,472 - INFO - Inside FetchDealerDetailsView!
2025-03-16 00:44:11,482 - INFO - Custom MySQL connection established successfully!
2025-03-16 00:44:11,486 - INFO - Custom MySQL connection established successfully!
2025-03-16 00:44:11,491 - INFO - Inside fetch_user_details!
2025-03-16 00:44:11,498 - INFO - Custom MySQL connection closed successfully.
2025-03-16 00:44:11,509 - INFO - Custom MySQL connection established successfully!
2025-03-16 00:44:11,512 - INFO - Inside fetch_dealer_details!
2025-03-16 00:44:11,512 - INFO - Custom MySQL connection closed successfully.
2025-03-16 00:44:11,524 - INFO - Inside fetch_user_details!
2025-03-16 00:44:11,540 - INFO - Custom MySQL connection closed successfully.
2025-03-16 00:44:15,932 - INFO - Inside FetchUserDetailsView!
2025-03-16 00:44:15,943 - INFO - Inside FetchDealerDetailsView!
2025-03-16 00:44:15,954 - INFO - Custom MySQL connection established successfully!
2025-03-16 00:44:15,987 - INFO - Custom MySQL connection closed successfully.
2025-03-16 00:44:16,052 - INFO - Custom MySQL connection established successfully!
2025-03-16 00:44:16,057 - INFO - Custom MySQL connection established successfully!
2025-03-16 00:44:16,059 - INFO - Inside fetch_dealer_details!
2025-03-16 00:44:16,059 - INFO - Inside fetch_user_details!
2025-03-16 00:44:16,082 - INFO - Custom MySQL connection closed successfully.
2025-03-16 00:44:16,092 - INFO - Inside fetch_user_details!
2025-03-16 00:44:16,102 - INFO - Custom MySQL connection closed successfully.
2025-03-16 00:46:04,453 - INFO - Inside FetchUserDetailsView!
2025-03-16 00:46:04,461 - INFO - Inside FetchDealerDetailsView!
2025-03-16 00:46:04,465 - INFO - Custom MySQL connection established successfully!
2025-03-16 00:46:04,472 - INFO - Custom MySQL connection established successfully!
2025-03-16 00:46:04,475 - INFO - Custom MySQL connection closed successfully.
2025-03-16 00:46:04,476 - INFO - Inside fetch_user_details!
2025-03-16 00:46:04,484 - INFO - Custom MySQL connection established successfully!
2025-03-16 00:46:04,485 - INFO - Inside fetch_dealer_details!
2025-03-16 00:46:04,489 - INFO - Custom MySQL connection closed successfully.
2025-03-16 00:46:04,494 - INFO - Inside fetch_user_details!
2025-03-16 00:46:04,500 - INFO - Custom MySQL connection closed successfully.
2025-03-16 00:46:07,761 - INFO - Inside FetchUserDetailsView!
2025-03-16 00:46:07,771 - INFO - Inside FetchDealerDetailsView!
2025-03-16 00:46:07,786 - INFO - Custom MySQL connection established successfully!
2025-03-16 00:46:07,790 - INFO - Custom MySQL connection established successfully!
2025-03-16 00:46:07,791 - INFO - Inside fetch_user_details!
2025-03-16 00:46:07,797 - INFO - Custom MySQL connection established successfully!
2025-03-16 00:46:07,799 - INFO - Custom MySQL connection closed successfully.
2025-03-16 00:46:07,800 - INFO - Inside fetch_dealer_details!
2025-03-16 00:46:07,804 - INFO - Custom MySQL connection closed successfully.
2025-03-16 00:46:07,811 - INFO - Inside fetch_user_details!
2025-03-16 00:46:07,819 - INFO - Custom MySQL connection closed successfully.
2025-03-16 00:46:09,228 - INFO - Inside FetchUserDetailsView!
2025-03-16 00:46:09,258 - INFO - Inside FetchDealerDetailsView!
2025-03-16 00:46:09,260 - INFO - Custom MySQL connection established successfully!
2025-03-16 00:46:09,268 - INFO - Inside fetch_user_details!
2025-03-16 00:46:09,274 - INFO - Custom MySQL connection closed successfully.
2025-03-16 00:46:09,329 - INFO - Custom MySQL connection established successfully!
2025-03-16 00:46:09,337 - INFO - Custom MySQL connection closed successfully.
2025-03-16 00:46:09,365 - INFO - Custom MySQL connection established successfully!
2025-03-16 00:46:09,368 - INFO - Inside fetch_dealer_details!
2025-03-16 00:46:09,386 - INFO - Inside fetch_user_details!
2025-03-16 00:46:09,394 - INFO - Custom MySQL connection closed successfully.
2025-03-16 00:46:10,530 - INFO - Inside FetchDealerDetailsView!
2025-03-16 00:46:10,540 - INFO - Custom MySQL connection established successfully!
2025-03-16 00:46:10,541 - INFO - Inside fetch_dealer_details!
2025-03-16 00:46:10,546 - INFO - Inside fetch_user_details!
2025-03-16 00:46:10,549 - INFO - Custom MySQL connection closed successfully.
